Customer ID,Age,State,Gender,Device_Count,Active_Months,Total_Purchases,Avg_Unit_Price,Total_Revenue,Avg_Satisfaction_Rate,Primary_Review,Customer_Tenure_Months,Avg_Data_Usage_GB,Total_Data_Usage_GB,Avg_GB_Purchased,Total_GB_Purchased,Primary_Plan_Type,Churn_Status,Reasons_for_Churn,Churn,Usage_vs_Purchased_Ratio,Revenue_per_Purchase,Tenure_Bucket,Is_Multi_Device
CUST0001,27,Kwara,Male,1,1,19,35000.0,665000,2.0,Fair,2,44.48,44.48,165.0,3135.0,Monthly,Yes,Relocation,1,0.0141881977671451,35000.0,0-6,No
CUST0002,16,Abuja (FCT),Female,1,1,12,5500.0,66000,2.0,Fair,22,19.79,19.79,12.5,150.0,Monthly,Yes,Better Offers from Competitors,1,0.1319333333333333,5500.0,13-24,No
CUST0003,21,Sokoto,Male,3,1,31,9833.333333333334,299000,1.0,Poor,60,94.34333333333332,283.03,60.333333333333336,1658.0,Monthly,No,,0,0.1707056694813027,9645.16129032258,37+,Yes
CUST0004,36,Gombe,Female,1,1,9,4500.0,40500,1.0,Poor,14,92.72,92.72,10.0,90.0,Monthly,No,,0,1.0302222222222222,4500.0,13-24,No
CUST0005,57,Oyo,Male,1,1,16,9000.0,144000,3.0,Good,53,42.92,42.92,25.0,400.0,Monthly,No,,0,0.1073,9000.0,37+,No
CUST0006,74,Plateau,Female,3,1,13,56500.0,413500,5.0,Excellent,9,31.293333333333333,93.88,536.0,3497.0,Monthly,No,,0,0.02684586788676,31807.69230769231,7-12,Yes
CUST0007,24,Jigawa,Female,1,1,11,24000.0,264000,5.0,Excellent,39,150.3,150.3,120.0,1320.0,Monthly,Yes,Relocation,1,0.1138636363636363,24000.0,37+,No
CUST0008,53,Kwara,Male,1,1,17,30000.0,510000,3.0,Good,30,168.41,168.41,300.0,5100.0,Monthly,No,,0,0.0330215686274509,30000.0,25-36,No
CUST0009,35,Gombe,Male,1,1,10,30000.0,300000,5.0,Excellent,35,175.81,175.81,300.0,3000.0,Monthly,No,,0,0.0586033333333333,30000.0,25-36,No
CUST0010,23,Imo,Male,3,1,51,6450.0,355550,1.0,Poor,6,129.66666666666666,389.0,23.49609375,1286.34765625,Monthly,No,,0,0.302406583562351,6971.568627450981,0-6,Yes
CUST0011,72,Bauchi,Female,3,1,12,20166.666666666668,301000,2.0,Fair,8,14.416666666666666,43.25,141.66666666666666,2650.0,Monthly,Yes,Poor Network,1,0.0163207547169811,25083.33333333333,7-12,Yes
CUST0012,78,Ondo,Male,2,1,14,15250.0,221000,2.0,Fair,47,107.24,214.48,62.5,900.0,Monthly,No,,0,0.2383111111111111,15785.714285714286,37+,Yes
CUST0013,23,Kebbi,Female,2,1,26,2750.0,54000,2.0,Fair,52,72.485,144.97,6.6,137.6,2-Day,Yes,Relocation,1,1.053561046511628,2076.923076923077,37+,Yes
CUST0014,22,Adamawa,Male,2,1,16,11750.0,128500,2.0,Fair,6,43.38,86.75999999999999,42.5,365.0,Monthly,No,,0,0.2376986301369862,8031.25,0-6,Yes
CUST0015,70,Yobe,Male,3,1,36,18333.33333333333,702000,2.0,Fair,13,64.23,192.69,131.66666666666666,5775.0,Monthly,No,,0,0.0333662337662337,19500.0,13-24,Yes
CUST0016,46,Kebbi,Male,3,1,19,19500.0,424500,5.0,Excellent,57,62.153333333333336,186.46,143.33333333333334,3710.0,Monthly,No,,0,0.0502587601078167,22342.105263157893,37+,Yes
CUST0017,74,Anambra,Male,1,1,15,9000.0,135000,5.0,Excellent,35,57.35,57.35,25.0,375.0,Monthly,Yes,Costly Data Plans,1,0.1529333333333333,9000.0,25-36,No
CUST0018,54,Bauchi,Male,1,1,18,20000.0,360000,1.0,Poor,43,178.0,178.0,150.0,2700.0,Monthly,No,,0,0.0659259259259259,20000.0,37+,No
CUST0019,50,Cross River,Male,2,1,25,4950.0,111600,2.0,Fair,46,14.105,28.21,13.75,310.0,2-Day,No,,0,0.091,4464.0,37+,Yes
CUST0020,49,Abuja (FCT),Female,3,1,17,38000.0,855000,5.0,Excellent,36,107.49666666666668,322.49,258.3333333333333,5225.0,Monthly,Yes,Poor Network,1,0.0617205741626794,50294.117647058825,25-36,Yes
CUST0021,42,Imo,Male,1,1,1,4500.0,4500,5.0,Excellent,23,176.34,176.34,10.0,10.0,Monthly,No,,0,17.634,4500.0,13-24,No
CUST0022,58,Kogi,Male,1,1,15,350.0,5250,1.0,Poor,18,40.31,40.31,0.48828125,7.32421875,Daily,No,,0,5.503658666666667,350.0,13-24,No
CUST0023,55,Osun,Male,1,1,13,25000.0,325000,4.0,Very Good,2,128.48,128.48,200.0,2600.0,Monthly,No,,0,0.0494153846153846,25000.0,0-6,No
CUST0024,58,Kano,Male,2,1,28,15750.0,391500,2.0,Fair,57,104.32,208.64,70.0,1660.0,Monthly,No,,0,0.1256867469879518,13982.142857142857,37+,Yes
CUST0025,65,Benue,Female,3,1,29,14500.0,526000,1.0,Poor,3,141.44,424.32,64.0,2423.0,Monthly,No,,0,0.1751217498968221,18137.93103448276,0-6,Yes
CUST0026,67,Cross River,Male,1,1,1,75000.0,75000,4.0,Very Good,13,109.81,109.81,450.0,450.0,3-Month,No,,0,0.2440222222222222,75000.0,13-24,No
CUST0027,52,Ondo,Female,3,1,25,10000.0,248500,4.0,Very Good,51,65.46333333333332,196.39,70.33333333333333,1707.0,Monthly,No,,0,0.1150497949619215,9940.0,37+,Yes
CUST0028,19,Rivers,Male,1,1,9,2700.0,26100,4.0,Very Good,31,129.41,258.82,6.25,60.0,2-Day,No,,0,4.313666666666666,2900.0,25-36,No
CUST0029,44,Enugu,Female,2,1,34,55000.0,1910000,1.0,Poor,4,172.845,345.69,307.5,10740.0,3-Month,No,,0,0.0321871508379888,56176.470588235294,0-6,Yes
CUST0030,49,Imo,Female,3,1,33,23000.0,767000,2.0,Fair,50,77.11,231.33,131.66666666666666,4995.0,Monthly,Yes,Poor Network,1,0.0463123123123123,23242.424242424244,37+,Yes
CUST0031,69,Kogi,Female,2,2,31,37950.0,917100,4.0,Very Good,35,133.54,267.08,226.25,5447.5,2-Day,Yes,Better Offers from Competitors,1,0.0490279944928866,29583.870967741936,25-36,Yes
CUST0032,65,Kogi,Male,1,1,13,3500.0,45500,3.0,Good,32,133.94,133.94,7.0,91.0,Monthly,No,,0,1.471868131868132,3500.0,25-36,No
CUST0033,75,Borno,Male,1,1,15,14500.0,217500,5.0,Excellent,59,27.57,27.57,60.0,900.0,Monthly,No,,0,0.0306333333333333,14500.0,37+,No
CUST0034,22,Edo,Female,2,1,18,20000.0,416000,4.0,Very Good,21,158.495,316.99,92.5,2050.0,Monthly,No,,0,0.1546292682926829,23111.11111111111,13-24,Yes
CUST0035,44,Kaduna,Male,3,1,48,26666.666666666668,1345000,2.0,Fair,49,87.10000000000001,261.3,171.66666666666666,8485.0,Monthly,Yes,Poor Network,1,0.0307955215085444,28020.83333333333,37+,Yes
CUST0036,36,Abia,Male,2,1,18,10175.0,202800,3.0,Good,38,77.625,155.25,75.244140625,1503.90625,Daily,No,,0,0.1032311688311688,11266.666666666666,37+,Yes
CUST0037,21,Ekiti,Female,2,1,26,24750.0,664000,1.0,Poor,43,81.58500000000001,163.17000000000002,112.5,3030.0,Monthly,No,,0,0.0538514851485148,25538.46153846154,37+,Yes
CUST0038,50,Adamawa,Female,1,1,8,30000.0,240000,5.0,Excellent,30,176.39,176.39,300.0,2400.0,Monthly,Yes,Better Offers from Competitors,1,0.0734958333333333,30000.0,25-36,No
CUST0039,64,Bayelsa,Male,2,1,16,20000.0,328000,2.0,Fair,32,139.845,279.69,92.5,1535.0,Monthly,No,,0,0.1822084690553745,20500.0,25-36,Yes
CUST0040,46,Kogi,Female,2,1,32,10500.0,393000,4.0,Very Good,36,60.395,120.79,76.6,2891.6,2-Day,No,,0,0.0417727209849218,12281.25,25-36,Yes
CUST0041,76,Bauchi,Female,2,1,25,11750.0,263500,3.0,Good,28,24.46,48.92,42.5,870.0,Monthly,No,,0,0.0562298850574712,10540.0,25-36,Yes
CUST0042,40,Ondo,Female,2,1,20,2550.0,82200,1.0,Poor,18,58.015,116.03,5.75,183.0,2-Day,No,,0,0.6340437158469946,4110.0,13-24,Yes
CUST0043,32,Yobe,Male,2,1,29,9000.0,261000,5.0,Excellent,56,107.69,215.38,30.0,870.0,Monthly,Yes,Fast Data Consumption,1,0.2475632183908045,9000.0,37+,Yes
CUST0044,25,Oyo,Male,1,1,13,350.0,4550,1.0,Poor,10,155.25,155.25,0.48828125,6.34765625,Daily,No,,0,24.457846153846155,350.0,7-12,No
CUST0045,72,Abia,Female,1,1,3,4500.0,13500,5.0,Excellent,20,53.3,53.3,10.0,30.0,Monthly,No,,0,1.7766666666666666,4500.0,13-24,No
CUST0046,46,Enugu,Male,3,1,37,21783.33333333333,853500,4.0,Very Good,11,76.78333333333332,230.35,155.16276041666666,7024.8828125,Monthly,No,,0,0.0327905825831169,23067.567567567567,7-12,Yes
CUST0047,70,Delta,Male,1,1,20,20000.0,400000,3.0,Good,42,158.63,158.63,150.0,3000.0,Monthly,No,,0,0.0528766666666666,20000.0,37+,No
CUST0048,72,Delta,Female,3,1,20,11300.0,105900,4.0,Very Good,45,100.41,301.23,49.16666666666666,347.5,Monthly,No,,0,0.8668489208633094,5295.0,37+,Yes
CUST0049,21,Enugu,Female,2,1,17,17750.0,240500,3.0,Good,34,102.055,204.11,156.25,1937.5,Monthly,Yes,Relocation,1,0.1053470967741935,14147.058823529413,25-36,Yes
CUST0050,68,Yobe,Female,2,1,31,18000.0,548000,5.0,Excellent,43,162.875,325.75,107.5,3120.0,Monthly,Yes,Poor Network,1,0.1044070512820512,17677.41935483871,37+,Yes
CUST0051,68,Oyo,Male,3,1,46,11666.666666666666,637000,5.0,Excellent,34,97.52,292.56,70.33333333333333,3970.0,Monthly,No,,0,0.0736926952141057,13847.826086956522,25-36,Yes
CUST0052,36,Abia,Male,1,1,5,1000.0,5000,1.0,Poor,36,129.72,129.72,3.2,16.0,2-Day,Yes,Better Offers from Competitors,1,8.1075,1000.0,25-36,No
CUST0053,53,Zamfara,Female,1,1,17,350.0,5950,4.0,Very Good,27,184.41,184.41,0.48828125,8.30078125,Daily,Yes,Relocation,1,22.21598117647059,350.0,25-36,No
CUST0054,24,Akwa Ibom,Female,2,1,31,21833.33333333333,628500,1.0,Poor,22,145.47333333333333,436.42,100.5,2896.5,Monthly,Yes,Costly Data Plans,1,0.150671500086311,20274.1935483871,13-24,Yes
CUST0055,65,Osun,Female,2,1,21,15300.0,571200,4.0,Very Good,3,100.015,200.03,150.75,5703.0,2-Day,No,,0,0.035074522181308,27200.0,0-6,Yes
CUST0056,28,Nasarawa,Male,2,1,22,32500.0,705000,1.0,Poor,34,140.625,281.25,232.5,5385.0,Monthly,No,,0,0.0522284122562674,32045.454545454544,25-36,Yes
CUST0057,58,Adamawa,Female,1,1,14,14500.0,203000,5.0,Excellent,21,149.48,149.48,60.0,840.0,Monthly,Yes,Poor Network,1,0.1779523809523809,14500.0,13-24,No
CUST0058,28,Nasarawa,Male,1,1,5,25000.0,125000,1.0,Poor,45,75.28,75.28,200.0,1000.0,Monthly,Yes,Better Offers from Competitors,1,0.07528,25000.0,37+,No
CUST0059,68,Enugu,Male,3,1,28,8166.666666666667,307000,5.0,Excellent,12,108.07666666666668,324.23,27.5,1182.5,Monthly,No,,0,0.2741902748414376,10964.285714285714,7-12,Yes
CUST0060,25,Nasarawa,Female,2,1,16,47500.0,540000,4.0,Very Good,38,123.66,247.32,300.0,3600.0,3-Month,No,,0,0.0687,33750.0,37+,Yes
CUST0061,53,Kano,Female,3,1,20,21333.33333333333,460000,5.0,Excellent,18,111.71999999999998,335.16,175.0,3925.0,Monthly,No,,0,0.0853910828025477,23000.0,13-24,Yes
CUST0062,21,Abia,Female,2,1,27,15175.0,276300,2.0,Fair,3,66.64,133.28,150.244140625,2708.7890625,Daily,Yes,Costly Data Plans,1,0.049202797606172,10233.333333333334,0-6,Yes
CUST0063,48,Taraba,Female,1,1,13,4500.0,58500,1.0,Poor,48,172.1,172.1,10.0,130.0,Monthly,No,,0,1.323846153846154,4500.0,37+,No
CUST0064,27,Kebbi,Male,3,1,34,13166.666666666666,371000,4.0,Very Good,17,70.23333333333333,210.7,79.16666666666667,2025.0,Monthly,No,,0,0.1040493827160493,10911.764705882351,13-24,Yes
CUST0065,75,Abia,Female,2,1,30,10500.0,258000,1.0,Poor,8,62.685,125.37,76.6,1857.6,2-Day,No,,0,0.0674903100775193,8600.0,7-12,Yes
CUST0066,69,Plateau,Female,2,1,19,22250.0,508000,4.0,Very Good,42,107.505,215.01,180.0,4740.0,Monthly,No,,0,0.0453607594936708,26736.84210526316,37+,Yes
CUST0067,61,Oyo,Female,2,1,31,14500.0,499000,1.0,Poor,18,69.555,139.11,90.0,3330.0,Monthly,No,,0,0.0417747747747747,16096.774193548386,13-24,Yes
CUST0068,32,Ondo,Male,1,1,20,30000.0,600000,5.0,Excellent,54,157.83,157.83,300.0,6000.0,Monthly,Yes,Better Offers from Competitors,1,0.026305,30000.0,37+,No
CUST0069,51,Plateau,Male,1,1,8,16000.0,128000,2.0,Fair,35,71.97,71.97,65.0,520.0,Monthly,Yes,Better Offers from Competitors,1,0.1384038461538461,16000.0,25-36,No
CUST0070,18,Enugu,Female,1,1,4,4500.0,18000,4.0,Very Good,4,102.89,102.89,10.0,40.0,Monthly,No,,0,2.57225,4500.0,0-6,No
CUST0071,80,Osun,Male,1,1,14,14500.0,203000,4.0,Very Good,47,169.54,169.54,60.0,840.0,Monthly,No,,0,0.2018333333333333,14500.0,37+,No
CUST0072,78,Nasarawa,Male,1,1,19,9000.0,171000,3.0,Good,58,125.05,125.05,25.0,475.0,Monthly,No,,0,0.2632631578947368,9000.0,37+,No
CUST0073,64,Bauchi,Female,1,1,8,35000.0,280000,1.0,Poor,30,90.59,90.59,165.0,1320.0,Monthly,No,,0,0.0686287878787878,35000.0,25-36,No
CUST0074,59,Sokoto,Female,3,1,34,62000.0,1022000,3.0,Good,27,70.68333333333334,212.05,583.6666666666666,8238.0,Monthly,No,,0,0.0257404709881039,30058.82352941177,25-36,Yes
CUST0075,31,Kogi,Female,3,1,37,14333.333333333334,502000,1.0,Poor,56,91.57666666666668,274.73,63.333333333333336,2160.0,Monthly,No,,0,0.1271898148148148,13567.567567567568,37+,Yes
CUST0076,70,Kano,Female,2,1,6,22000.0,80000,3.0,Good,2,25.535,51.07,97.5,315.0,Monthly,No,,0,0.1621269841269841,13333.333333333334,0-6,Yes
CUST0077,43,Jigawa,Female,3,1,45,8133.333333333333,420100,2.0,Fair,30,99.68666666666668,299.06,30.83333333333333,1582.5,Monthly,No,,0,0.1889794628751974,9335.555555555557,25-36,Yes
CUST0078,69,Akwa Ibom,Male,2,1,23,4750.0,96500,3.0,Good,49,5.795,11.59,15.5,313.0,Daily,No,,0,0.0370287539936102,4195.652173913043,37+,Yes
CUST0079,33,Edo,Female,2,1,20,29500.0,568000,1.0,Poor,21,109.36,218.72,142.5,2760.0,Monthly,No,,0,0.0792463768115942,28400.0,13-24,Yes
CUST0080,66,Rivers,Female,3,1,31,17166.666666666668,571500,1.0,Poor,2,139.33666666666667,418.01,71.66666666666667,2420.0,Monthly,No,,0,0.1727314049586776,18435.483870967742,0-6,Yes
CUST0081,71,Anambra,Male,2,1,20,24500.0,483000,5.0,Excellent,28,141.38,282.76,160.0,2640.0,Monthly,Yes,Better Offers from Competitors,1,0.1071060606060606,24150.0,25-36,Yes
CUST0082,40,Ekiti,Female,1,1,3,4500.0,13500,2.0,Fair,47,152.16,152.16,10.0,30.0,Monthly,Yes,Costly Data Plans,1,5.072,4500.0,37+,No
CUST0083,79,Sokoto,Female,2,1,22,4750.0,36500,3.0,Good,44,115.04,230.08,15.5,109.0,Daily,Yes,Poor Network,1,2.1108256880733944,1659.090909090909,37+,Yes
CUST0084,75,Nasarawa,Male,1,1,2,5500.0,11000,3.0,Good,4,116.28,116.28,12.5,25.0,Monthly,Yes,Better Offers from Competitors,1,4.6512,5500.0,0-6,No
CUST0085,40,Niger,Female,2,1,35,85000.0,3300000,1.0,Poor,33,56.68,113.36,843.0,32970.0,Monthly,No,,0,0.0034382772217167,94285.71428571428,25-36,Yes
CUST0086,62,Gombe,Female,1,1,18,20000.0,360000,3.0,Good,25,66.27,66.27,150.0,2700.0,Monthly,No,,0,0.0245444444444444,20000.0,25-36,No
CUST0087,52,Edo,Male,2,1,14,37750.0,230500,5.0,Excellent,22,69.115,138.23,225.5,1361.0,3-Month,No,,0,0.101565025716385,16464.285714285714,13-24,Yes
CUST0088,27,Kwara,Female,2,1,9,4675.0,37750,3.0,Good,2,129.755,259.51,15.244140625,122.44140625,Daily,Yes,Poor Customer Service,1,2.11946275323018,4194.444444444444,0-6,Yes
CUST0089,20,Bayelsa,Male,3,1,33,55450.0,2381500,2.0,Fair,39,103.94,311.82,533.8294270833334,23564.8828125,Daily,Yes,Better Offers from Competitors,1,0.0132324018956968,72166.66666666667,37+,Yes
CUST0090,40,Gombe,Female,2,1,20,9500.0,270000,4.0,Very Good,30,174.77499999999998,349.54999999999995,35.0,1100.0,Monthly,No,,0,0.3177727272727272,13500.0,25-36,Yes
CUST0091,31,Cross River,Male,3,1,38,9800.0,377700,3.0,Good,49,107.27,321.81,44.16666666666666,1712.5,Monthly,No,,0,0.1879182481751825,9939.473684210529,37+,Yes
CUST0092,63,Osun,Male,1,1,16,30000.0,480000,3.0,Good,21,183.52,183.52,300.0,4800.0,Monthly,No,,0,0.0382333333333333,30000.0,13-24,No
CUST0093,76,Nasarawa,Male,1,1,8,1000.0,8000,1.0,Poor,58,155.35,155.35,3.2,25.6,2-Day,Yes,Better Offers from Competitors,1,6.068359374999999,1000.0,37+,No
CUST0094,31,Oyo,Male,3,1,18,15200.0,371800,1.0,Poor,27,80.04666666666667,240.14,117.16666666666669,2954.5,Monthly,Yes,Fast Data Consumption,1,0.0812794042985276,20655.555555555555,25-36,Yes
CUST0095,62,Kaduna,Male,2,1,7,6250.0,41000,1.0,Poor,25,60.17,120.34,18.5,118.0,Monthly,No,,0,1.0198305084745762,5857.142857142857,25-36,Yes
CUST0096,33,Rivers,Female,3,1,12,55533.333333333336,1083800,2.0,Fair,35,109.53333333333336,328.6,534.1666666666666,10886.5,2-Day,No,,0,0.030184173058375,90316.66666666669,25-36,Yes
CUST0097,55,Zamfara,Female,1,1,2,25000.0,50000,3.0,Good,53,172.5,172.5,200.0,400.0,Monthly,Yes,High Call Tarriffs,1,0.43125,25000.0,37+,No
CUST0098,50,Delta,Female,2,1,15,87000.0,1872000,4.0,Very Good,28,96.14,192.28,828.0,18792.0,Monthly,No,,0,0.0102320136228182,124800.0,25-36,Yes
CUST0099,26,Kwara,Male,3,1,29,30500.0,1248000,3.0,Good,35,59.57333333333333,178.72,165.0,7090.0,Monthly,Yes,Costly Data Plans,1,0.0252073342736248,43034.48275862069,25-36,Yes
CUST0100,67,Gombe,Male,2,1,31,6250.0,174500,5.0,Excellent,2,62.23,124.46,18.5,493.0,Monthly,No,,0,0.2524543610547667,5629.032258064516,0-6,Yes
CUST0101,35,Nasarawa,Female,2,1,38,15500.0,469000,1.0,Poor,24,91.75666666666667,275.27000000000004,67.16666666666667,1817.0,Monthly,No,,0,0.1514969730324711,12342.105263157897,13-24,Yes
CUST0102,49,Edo,Female,1,1,15,600.0,9000,4.0,Very Good,14,179.79,179.79,1.5,22.5,2-Day,Yes,Poor Customer Service,1,7.990666666666666,600.0,13-24,No
CUST0103,56,Ekiti,Male,3,1,18,15450.0,440350,3.0,Good,36,155.41333333333333,466.24,121.82942708333331,3925.48828125,Monthly,No,,0,0.1187724855088688,24463.88888888889,25-36,Yes
CUST0104,32,Katsina,Male,2,1,27,17750.0,516000,4.0,Very Good,20,132.41500000000002,264.83000000000004,156.25,4650.0,Monthly,No,,0,0.056952688172043,19111.11111111111,13-24,Yes
CUST0105,39,Borno,Female,2,1,25,19500.0,582000,1.0,Poor,33,188.25,376.5,162.5,5300.0,Monthly,No,,0,0.0710377358490566,23280.0,25-36,Yes
CUST0106,26,Edo,Male,3,1,44,19166.666666666668,786500,2.0,Fair,41,162.95000000000002,488.85,142.33333333333334,6733.0,Monthly,No,,0,0.0726050794593791,17875.0,37+,Yes
CUST0107,19,Katsina,Male,1,1,10,4500.0,45000,2.0,Fair,42,128.56,128.56,10.0,100.0,Monthly,No,,0,1.2856,4500.0,37+,No
CUST0108,47,Kebbi,Female,2,1,23,16750.0,398500,1.0,Poor,30,134.25,268.5,153.5,3677.0,Monthly,Yes,Fast Data Consumption,1,0.0730214849061735,17326.08695652174,25-36,Yes
CUST0109,32,Gombe,Male,1,1,13,16000.0,208000,4.0,Very Good,21,10.6,10.6,65.0,845.0,Monthly,Yes,Fast Data Consumption,1,0.0125443786982248,16000.0,13-24,No
CUST0110,47,Abuja (FCT),Female,2,1,11,17750.0,281500,2.0,Fair,60,100.535,201.07,83.0,1323.0,Daily,No,,0,0.1519803476946334,25590.90909090909,37+,Yes
CUST0111,61,Oyo,Male,3,1,40,6333.333333333333,288000,5.0,Excellent,19,106.59333333333332,319.78,19.4,898.8,Monthly,No,,0,0.3557854917668002,7200.0,13-24,Yes
CUST0112,62,Cross River,Male,3,1,29,11833.333333333334,380500,5.0,Excellent,25,127.82,383.46,45.5,1522.5,Monthly,Yes,Relocation,1,0.2518620689655172,13120.689655172411,25-36,Yes
CUST0113,21,Rivers,Male,1,1,11,9000.0,99000,4.0,Very Good,9,186.31,186.31,25.0,275.0,Monthly,No,,0,0.6774909090909091,9000.0,7-12,No
CUST0114,66,Abia,Female,1,1,14,25000.0,350000,5.0,Excellent,33,134.92,134.92,200.0,2800.0,Monthly,Yes,Better Offers from Competitors,1,0.0481857142857142,25000.0,25-36,No
CUST0115,19,Taraba,Female,1,1,8,600.0,4800,1.0,Poor,42,164.42,164.42,1.5,12.0,2-Day,No,,0,13.701666666666666,600.0,37+,No
CUST0116,30,Benue,Male,1,1,16,6500.0,104000,4.0,Very Good,29,155.11,155.11,16.5,264.0,Monthly,Yes,High Call Tarriffs,1,0.5875378787878789,6500.0,25-36,No
CUST0117,33,Bauchi,Male,2,1,17,7250.0,125000,4.0,Very Good,36,74.17,148.34,18.75,325.0,Monthly,No,,0,0.4564307692307692,7352.941176470588,25-36,Yes
CUST0118,54,Osun,Female,2,1,27,17000.0,387000,2.0,Fair,50,68.565,137.13,112.5,2250.0,Monthly,No,,0,0.0609466666666666,14333.333333333334,37+,Yes
CUST0119,66,Ekiti,Male,1,1,16,150000.0,2400000,3.0,Good,19,131.37,131.37,1536.0,24576.0,Yearly,No,,0,0.005345458984375,150000.0,13-24,No
CUST0120,41,Adamawa,Female,3,1,23,11166.666666666666,253000,2.0,Fair,60,115.70666666666666,347.12,63.333333333333336,1250.0,Monthly,Yes,High Call Tarriffs,1,0.277696,11000.0,37+,Yes
CUST0121,36,Kogi,Female,3,1,21,11200.0,168600,3.0,Good,31,143.72666666666666,431.18,50.5,639.0,Monthly,No,,0,0.674773082942097,8028.571428571428,25-36,Yes
CUST0122,39,Cross River,Male,2,1,9,92500.0,890000,5.0,Excellent,1,116.42,232.84,850.5,8340.0,Monthly,No,,0,0.0279184652278177,98888.88888888888,0-6,Yes
CUST0123,36,Sokoto,Female,2,1,21,32500.0,715000,1.0,Poor,46,91.64,183.28,232.5,4005.0,Monthly,No,,0,0.0457627965043695,34047.619047619046,37+,Yes
CUST0124,33,Taraba,Female,2,1,31,20000.0,648000,1.0,Poor,60,84.69,169.38,92.5,3060.0,Monthly,Yes,Poor Customer Service,1,0.0553529411764705,20903.225806451614,37+,Yes
CUST0125,23,Delta,Female,3,1,44,14783.333333333334,597600,4.0,Very Good,20,118.86333333333332,356.59,90.16276041666669,3967.8125,Monthly,No,,0,0.08987067811294,13581.818181818182,13-24,Yes
CUST0126,69,Taraba,Male,1,1,3,6500.0,19500,5.0,Excellent,49,140.9,140.9,16.5,49.5,Monthly,No,,0,2.8464646464646464,6500.0,37+,No
CUST0127,23,Zamfara,Male,3,1,47,16666.666666666668,761000,2.0,Fair,37,94.45333333333332,283.36,124.16666666666669,5612.5,Monthly,No,,0,0.0504873051224944,16191.489361702128,37+,Yes
CUST0128,75,Abia,Male,2,1,35,21966.666666666668,1032700,1.0,Poor,26,111.33666666666666,334.01,155.83333333333334,7717.5,Monthly,No,,0,0.0432795594428247,29505.714285714286,25-36,Yes
CUST0129,33,Kogi,Female,2,1,30,7750.0,240000,4.0,Very Good,58,31.57,63.14,23.25,738.0,Monthly,No,,0,0.0855555555555555,8000.0,37+,Yes
CUST0130,32,Osun,Male,3,1,30,15450.0,348200,3.0,Good,49,89.12,267.36,121.82942708333331,2115.859375,Monthly,No,,0,0.1263600044308237,11606.666666666666,37+,Yes
CUST0131,46,Ondo,Male,3,1,30,14950.0,561700,4.0,Very Good,7,113.36666666666667,340.1,120.16276041666669,4080.9765625,Monthly,No,,0,0.0833378959156911,18723.33333333333,7-12,Yes
CUST0132,56,Niger,Male,2,1,8,49500.0,294000,5.0,Excellent,20,143.695,287.39,285.0,1620.0,3-Month,Yes,Costly Data Plans,1,0.1774012345679012,36750.0,13-24,Yes
CUST0133,64,Bauchi,Female,1,1,10,350.0,3500,4.0,Very Good,45,169.94,169.94,0.48828125,4.8828125,Daily,Yes,Fast Data Consumption,1,34.803712,350.0,37+,No
CUST0134,75,Oyo,Female,2,1,27,23000.0,530000,4.0,Very Good,27,36.505,73.01,182.5,3400.0,Monthly,Yes,Poor Customer Service,1,0.0214735294117647,19629.62962962963,25-36,Yes
CUST0135,25,Benue,Male,1,1,4,4500.0,18000,3.0,Good,31,192.43,192.43,10.0,40.0,Monthly,No,,0,4.8107500000000005,4500.0,25-36,No
CUST0136,47,Ondo,Female,2,1,26,7750.0,209000,5.0,Excellent,59,101.085,202.17,20.75,565.0,Monthly,No,,0,0.3578230088495575,8038.461538461538,37+,Yes
CUST0137,28,Taraba,Female,1,1,18,4500.0,81000,3.0,Good,59,3.74,3.74,10.0,180.0,Monthly,No,,0,0.0207777777777777,4500.0,37+,No
CUST0138,53,Plateau,Male,1,1,11,6500.0,71500,4.0,Very Good,22,131.09,131.09,16.5,181.5,Monthly,No,,0,0.7222589531680441,6500.0,13-24,No
CUST0139,78,Yobe,Female,2,1,17,12500.0,174000,2.0,Fair,11,129.01,258.02,47.5,615.0,Monthly,Yes,Relocation,1,0.4195447154471544,10235.29411764706,7-12,Yes
CUST0140,45,Kaduna,Male,1,1,18,5500.0,99000,5.0,Excellent,1,3.64,3.64,12.5,225.0,Monthly,No,,0,0.0161777777777777,5500.0,0-6,No
CUST0141,17,Kano,Female,1,1,8,1000.0,8000,1.0,Poor,35,105.11,105.11,3.2,25.6,2-Day,No,,0,4.105859375,1000.0,25-36,No
CUST0142,48,Ekiti,Female,2,1,11,12175.0,74800,1.0,Poor,51,167.51,335.02,60.244140625,363.90625,Daily,No,,0,0.9206217260626878,6800.0,37+,Yes
CUST0143,27,Kebbi,Female,2,1,23,21833.33333333333,533000,1.0,Poor,25,169.50333333333333,508.51,100.5,2427.0,Monthly,No,,0,0.2095220436753193,23173.91304347826,25-36,Yes
CUST0144,76,Akwa Ibom,Male,3,1,51,8533.333333333334,482800,3.0,Good,60,134.36333333333332,403.09,32.166666666666664,1824.5,Monthly,No,,0,0.22093176212661,9466.666666666666,37+,Yes
CUST0145,65,Adamawa,Female,2,1,23,9000.0,113500,1.0,Poor,25,84.02000000000001,168.04000000000002,33.5,320.0,Monthly,No,,0,0.5251250000000001,4934.782608695652,25-36,Yes
CUST0146,57,Kano,Female,2,1,23,18750.0,240000,4.0,Very Good,51,88.655,177.31,160.0,1300.0,Monthly,Yes,Relocation,1,0.1363923076923077,10434.782608695652,37+,Yes
CUST0147,50,Plateau,Female,1,1,15,9000.0,135000,4.0,Very Good,46,188.62,188.62,30.0,450.0,Monthly,No,,0,0.4191555555555555,9000.0,37+,No
CUST0148,50,Anambra,Male,3,1,28,33333.333333333336,1317000,4.0,Very Good,6,64.62666666666667,193.88,191.0666666666667,7629.6,2-Day,No,,0,0.02541155499633,47035.71428571428,0-6,Yes
CUST0149,26,Imo,Male,2,1,12,7750.0,52500,2.0,Fair,44,47.08,94.16,31.6,208.8,2-Day,Yes,Costly Data Plans,1,0.4509578544061302,4375.0,37+,Yes
CUST0150,48,Imo,Female,1,1,13,3500.0,45500,4.0,Very Good,39,168.4,168.4,7.0,91.0,Monthly,Yes,Costly Data Plans,1,1.8505494505494504,3500.0,37+,No
CUST0151,72,Bayelsa,Female,3,1,36,6500.0,188000,3.0,Good,53,135.18333333333334,405.55,23.666666666666668,666.0,Monthly,No,,0,0.6089339339339339,5222.222222222223,37+,Yes
CUST0152,62,Delta,Male,2,1,8,8250.0,64500,5.0,Excellent,38,150.55,301.1,22.5,175.0,Monthly,Yes,High Call Tarriffs,1,1.7205714285714286,8062.5,37+,Yes
CUST0153,46,Edo,Male,2,1,26,7750.0,199000,4.0,Very Good,46,171.495,342.99,23.25,591.0,Monthly,Yes,Relocation,1,0.5803553299492386,7653.846153846154,37+,Yes
CUST0154,26,Anambra,Male,1,1,14,3500.0,49000,2.0,Fair,43,193.16,193.16,7.0,98.0,Monthly,No,,0,1.9710204081632647,3500.0,37+,No
CUST0155,17,Anambra,Female,2,1,13,5000.0,61500,4.0,Very Good,15,140.48000000000002,280.96000000000004,11.25,137.5,Monthly,No,,0,2.043345454545455,4730.769230769231,13-24,Yes
CUST0156,34,Ekiti,Female,2,1,17,17750.0,142500,2.0,Fair,22,79.22,158.44,156.25,787.5,Monthly,No,,0,0.2011936507936507,8382.35294117647,13-24,Yes
CUST0157,18,Bayelsa,Male,2,1,27,2550.0,66900,2.0,Fair,44,42.22,84.44,5.75,151.0,2-Day,No,,0,0.559205298013245,2477.777777777778,37+,Yes
CUST0159,29,Adamawa,Male,2,1,32,39250.0,970000,2.0,Fair,24,118.605,237.21,228.5,5540.0,3-Month,No,,0,0.0428176895306859,30312.5,13-24,Yes
CUST0160,74,Enugu,Female,1,1,5,20000.0,100000,2.0,Fair,59,37.02,37.02,150.0,750.0,Monthly,No,,0,0.04936,20000.0,37+,No
CUST0161,65,Kogi,Male,3,1,27,23000.0,719000,4.0,Very Good,37,133.25666666666666,399.77,131.66666666666666,5020.0,Monthly,Yes,High Call Tarriffs,1,0.0796354581673306,26629.62962962963,37+,Yes
CUST0162,33,Benue,Female,2,1,10,2550.0,41100,4.0,Very Good,36,37.88,75.76,5.75,91.5,2-Day,No,,0,0.8279781420765028,4110.0,25-36,Yes
CUST0163,52,Abuja (FCT),Female,3,1,24,26333.33333333333,698000,5.0,Excellent,37,140.48000000000002,421.44000000000005,145.0,3750.0,Monthly,No,,0,0.112384,29083.33333333333,37+,Yes
CUST0164,20,Nasarawa,Female,1,1,19,4500.0,85500,4.0,Very Good,23,162.24,162.24,10.0,190.0,Monthly,No,,0,0.8538947368421053,4500.0,13-24,No
CUST0165,70,Abuja (FCT),Male,3,1,41,15500.0,532500,2.0,Fair,51,69.12666666666667,207.38,122.0,3927.0,Monthly,No,,0,0.0528087598675834,12987.80487804878,37+,Yes
CUST0166,51,Borno,Male,3,1,25,16666.666666666668,242000,3.0,Good,16,81.56,244.68,75.33333333333333,1048.0,Monthly,No,,0,0.2334732824427481,9680.0,13-24,Yes
CUST0167,74,Yobe,Female,2,1,25,47500.0,1270000,1.0,Poor,38,71.58,143.16,300.0,7950.0,3-Month,No,,0,0.0180075471698113,50800.0,37+,Yes
CUST0168,59,Borno,Female,2,1,6,13750.0,57500,1.0,Poor,51,64.7,129.4,85.0,250.0,Monthly,Yes,High Call Tarriffs,1,0.5176000000000001,9583.333333333334,37+,Yes
CUST0169,36,Akwa Ibom,Male,3,1,15,8133.333333333333,132700,3.0,Good,42,106.56,319.68,29.166666666666668,447.5,Monthly,Yes,High Call Tarriffs,1,0.7143687150837988,8846.666666666666,37+,Yes
CUST0170,44,Bauchi,Female,2,1,15,8500.0,60000,3.0,Good,1,33.63,67.26,34.1,233.4,2-Day,No,,0,0.2881748071979434,4000.0,0-6,Yes
CUST0171,33,Jigawa,Male,1,1,7,35000.0,245000,1.0,Poor,42,70.56,70.56,165.0,1155.0,Monthly,No,,0,0.061090909090909,35000.0,37+,No
CUST0172,68,Nasarawa,Male,3,1,17,12166.666666666666,124000,2.0,Fair,6,147.77333333333334,443.32,50.66666666666666,376.0,Monthly,No,,0,1.1790425531914894,7294.117647058823,0-6,Yes
CUST0173,42,Bauchi,Male,1,1,16,7500.0,120000,3.0,Good,48,22.99,22.99,20.0,320.0,Monthly,No,,0,0.07184375,7500.0,37+,No
CUST0174,17,Gombe,Female,2,1,3,2500.0,5500,5.0,Excellent,9,80.61,161.22,5.5,12.0,Daily,No,,0,13.435,1833.3333333333333,7-12,Yes
CUST0175,80,Cross River,Female,2,1,23,11200.0,142800,1.0,Poor,28,83.60333333333334,250.81,48.833333333333336,554.5,Monthly,No,,0,0.4523174030658251,6208.695652173913,25-36,Yes
CUST0176,71,Imo,Male,3,1,26,10500.0,295500,4.0,Very Good,16,46.63333333333333,139.9,37.16666666666666,1078.5,Monthly,Yes,Relocation,1,0.1297171998145572,11365.384615384615,13-24,Yes
CUST0177,63,Borno,Female,2,1,36,10500.0,397000,1.0,Poor,47,76.22,152.44,76.6,2904.4,2-Day,No,,0,0.0524858834871229,11027.777777777776,37+,Yes
CUST0178,23,Yobe,Male,3,1,19,28116.666666666668,463200,3.0,Good,24,121.85666666666668,365.57,160.16276041666666,2735.859375,3-Month,No,,0,0.1336216339701305,24378.947368421053,13-24,Yes
CUST0179,69,Osun,Female,3,1,30,14833.333333333334,592000,3.0,Good,16,136.38,409.14,114.16666666666669,5315.0,Monthly,Yes,Poor Network,1,0.0769783631232361,19733.33333333333,13-24,Yes
CUST0180,27,Sokoto,Male,1,1,34,4675.0,150300,3.0,Good,24,132.585,265.17,12.744140625,408.7890625,Daily,No,,0,0.6486719541328237,4420.588235294118,13-24,No
CUST0181,35,Lagos,Female,3,1,20,12666.666666666666,288000,5.0,Excellent,2,103.32666666666668,309.98,48.333333333333336,1160.0,Monthly,No,,0,0.2672241379310345,14400.0,0-6,Yes
CUST0182,51,Katsina,Male,2,1,30,15500.0,407000,5.0,Excellent,59,121.99,243.98,151.6,3954.4,2-Day,No,,0,0.061698361319037,13566.666666666666,37+,Yes
CUST0183,23,Kwara,Male,2,1,22,77250.0,535500,3.0,Good,16,41.205,82.41,773.0,4798.0,Monthly,No,,0,0.0171759066277615,24340.90909090909,13-24,Yes
CUST0184,35,Anambra,Male,3,1,25,16333.333333333334,362000,3.0,Good,29,56.09333333333333,168.28,71.66666666666667,1495.0,Monthly,No,,0,0.112561872909699,14480.0,25-36,Yes
CUST0185,27,Imo,Female,1,1,18,5500.0,99000,3.0,Good,26,111.41,111.41,12.5,225.0,Monthly,Yes,Poor Customer Service,1,0.4951555555555555,5500.0,25-36,No
CUST0186,28,Sokoto,Male,1,1,12,4500.0,54000,1.0,Poor,52,164.82,164.82,10.0,120.0,Monthly,Yes,Better Offers from Competitors,1,1.3735,4500.0,37+,No
CUST0187,49,Kaduna,Male,1,1,15,20000.0,300000,4.0,Very Good,5,9.02,9.02,150.0,2250.0,Monthly,No,,0,0.0040088888888888,20000.0,0-6,No
CUST0188,37,Kwara,Female,1,1,9,14500.0,130500,4.0,Very Good,32,181.71,181.71,60.0,540.0,Monthly,No,,0,0.3365,14500.0,25-36,No
CUST0189,73,Plateau,Male,3,1,49,11666.666666666666,608000,3.0,Good,40,110.65333333333336,331.96000000000004,70.33333333333333,3644.0,Monthly,No,,0,0.0910976948408342,12408.163265306122,37+,Yes
CUST0190,64,Ekiti,Female,3,1,45,11800.0,654900,3.0,Good,35,57.96000000000001,173.88000000000002,104.16666666666669,6130.0,Monthly,No,,0,0.0283654159869494,14553.333333333334,25-36,Yes
CUST0191,61,Osun,Male,3,1,18,13200.0,195600,2.0,Fair,7,139.20000000000002,417.6,108.83333333333331,1841.5,Monthly,Yes,Better Offers from Competitors,1,0.2267716535433071,10866.666666666666,7-12,Yes
CUST0192,34,Benue,Female,1,1,1,20000.0,20000,2.0,Fair,35,120.53,120.53,150.0,150.0,Monthly,No,,0,0.8035333333333333,20000.0,25-36,No
CUST0193,77,Lagos,Female,1,1,19,9000.0,171000,2.0,Fair,59,4.87,4.87,30.0,570.0,Monthly,No,,0,0.0085438596491228,9000.0,37+,No
CUST0194,30,Bauchi,Female,2,1,20,32500.0,630000,4.0,Very Good,5,162.595,325.19,232.5,5190.0,Monthly,No,,0,0.0626570327552986,31500.0,0-6,Yes
CUST0195,44,Enugu,Female,3,1,27,9866.666666666666,113500,2.0,Fair,20,92.45,277.35,40.5,450.0,Monthly,Yes,Poor Network,1,0.6163333333333334,4203.703703703704,13-24,Yes
CUST0196,60,Niger,Male,2,1,19,12500.0,199000,3.0,Good,41,40.265,80.53,47.5,710.0,Monthly,No,,0,0.1134225352112676,10473.684210526317,37+,Yes
CUST0197,37,Kogi,Female,1,1,3,350.0,1050,3.0,Good,57,32.95,32.95,0.48828125,1.46484375,Daily,No,,0,22.49386666666667,350.0,37+,No
CUST0198,53,Kano,Female,2,1,23,20500.0,548000,1.0,Poor,17,114.325,228.65,132.5,4195.0,Monthly,No,,0,0.0545053635280095,23826.08695652174,13-24,Yes
CUST0199,19,Kwara,Male,1,1,18,4500.0,81000,2.0,Fair,39,139.59,139.59,10.0,180.0,Monthly,Yes,Costly Data Plans,1,0.7755,4500.0,37+,No
CUST0200,52,Abia,Male,2,1,23,19500.0,627000,4.0,Very Good,7,83.065,166.13,162.5,6075.0,Monthly,No,,0,0.0273465020576131,27260.869565217392,7-12,Yes
CUST0201,41,Anambra,Male,2,1,22,15250.0,338500,3.0,Good,14,111.5,223.0,62.5,1385.0,Monthly,No,,0,0.1610108303249097,15386.363636363636,13-24,Yes
CUST0202,63,Jigawa,Female,2,1,22,8500.0,82000,1.0,Poor,12,82.22,164.44,34.1,317.6,2-Day,Yes,Fast Data Consumption,1,0.5177581863979849,3727.272727272728,7-12,Yes
CUST0203,45,Oyo,Female,2,1,19,7750.0,128500,5.0,Excellent,53,65.35499999999999,130.70999999999998,20.75,330.5,Monthly,No,,0,0.3954916792738274,6763.1578947368425,37+,Yes
CUST0204,31,Nasarawa,Male,1,1,5,350.0,1750,2.0,Fair,11,199.46,199.46,0.48828125,2.44140625,Daily,Yes,Fast Data Consumption,1,81.69881600000001,350.0,7-12,No
CUST0205,56,Kaduna,Male,2,1,23,10500.0,301500,5.0,Excellent,25,93.4,186.8,38.25,1206.0,Monthly,No,,0,0.1548922056384742,13108.695652173914,25-36,Yes
CUST0206,29,Anambra,Female,2,1,18,12300.0,315000,4.0,Very Good,56,88.69,177.38,60.75,1567.5,2-Day,Yes,High Call Tarriffs,1,0.1131610845295055,17500.0,37+,Yes
CUST0207,66,Bayelsa,Male,1,1,16,24000.0,384000,3.0,Good,4,62.53,62.53,120.0,1920.0,Monthly,No,,0,0.0325677083333333,24000.0,0-6,No
CUST0208,45,Borno,Female,3,1,32,13833.333333333334,442000,3.0,Good,48,146.01666666666668,438.05,75.83333333333333,2640.0,Monthly,Yes,Fast Data Consumption,1,0.1659280303030303,13812.5,37+,Yes
CUST0209,55,Zamfara,Female,1,1,2,20000.0,40000,2.0,Fair,9,7.1,7.1,150.0,300.0,Monthly,Yes,Better Offers from Competitors,1,0.0236666666666666,20000.0,7-12,No
CUST0210,41,Akwa Ibom,Female,1,1,20,20000.0,400000,5.0,Excellent,53,74.81,74.81,150.0,3000.0,Monthly,No,,0,0.0249366666666666,20000.0,37+,No
CUST0211,38,Taraba,Female,2,1,41,6450.0,316400,3.0,Good,23,78.69333333333334,236.08,23.49609375,1226.8359375,Monthly,No,,0,0.192429967841564,7717.073170731707,13-24,Yes
CUST0212,18,Lagos,Female,1,1,10,4500.0,45000,2.0,Fair,59,121.86,121.86,10.0,100.0,Monthly,No,,0,1.2186,4500.0,37+,No
CUST0213,70,Jigawa,Female,3,1,25,13133.333333333334,237300,2.0,Fair,30,58.61333333333334,175.84,60.833333333333336,1050.0,Monthly,No,,0,0.1674666666666666,9492.0,25-36,Yes
CUST0214,51,Edo,Female,1,1,1,3500.0,3500,5.0,Excellent,13,136.31,136.31,7.0,7.0,Monthly,No,,0,19.472857142857144,3500.0,13-24,No
CUST0215,53,Edo,Female,2,1,22,21833.33333333333,555000,1.0,Poor,26,92.79333333333334,278.38,100.5,2559.0,Monthly,No,,0,0.1087846815162172,25227.272727272728,25-36,Yes
CUST0216,32,Edo,Male,3,1,45,20300.0,827100,1.0,Poor,44,132.04999999999998,396.15,122.5,4687.5,Monthly,Yes,Poor Customer Service,1,0.0845119999999999,18380.0,37+,Yes
CUST0217,76,Benue,Male,1,1,19,4500.0,85500,5.0,Excellent,56,68.86,68.86,10.0,190.0,Monthly,Yes,Poor Network,1,0.3624210526315789,4500.0,37+,No
CUST0218,34,Niger,Male,1,1,9,9000.0,81000,4.0,Very Good,50,1.44,1.44,30.0,270.0,Monthly,No,,0,0.0053333333333333,9000.0,37+,No
CUST0219,37,Abuja (FCT),Female,3,1,20,11666.666666666666,440500,2.0,Fair,51,124.91,374.73,74.16666666666667,3435.0,Monthly,No,,0,0.1090917030567685,22025.0,37+,Yes
CUST0220,18,Lagos,Male,1,1,10,900.0,9000,3.0,Good,15,59.99,59.99,2.5,25.0,2-Day,Yes,Fast Data Consumption,1,2.3996,900.0,13-24,No
CUST0221,59,Kwara,Male,1,1,5,900.0,4500,3.0,Good,22,46.07,46.07,2.5,12.5,2-Day,No,,0,3.6856,900.0,13-24,No
CUST0222,18,Zamfara,Male,1,1,1,900.0,900,1.0,Poor,8,132.56,132.56,2.5,2.5,2-Day,No,,0,53.024,900.0,7-12,No
CUST0223,30,Kogi,Female,1,1,4,16000.0,64000,5.0,Excellent,25,60.57,60.57,65.0,260.0,Monthly,Yes,High Call Tarriffs,1,0.2329615384615384,16000.0,25-36,No
CUST0224,50,Borno,Female,1,1,16,20000.0,320000,5.0,Excellent,54,157.06,157.06,150.0,2400.0,Monthly,No,,0,0.0654416666666666,20000.0,37+,No
CUST0225,41,Edo,Male,2,1,5,22000.0,71000,3.0,Good,23,100.475,200.95,97.5,285.0,Monthly,Yes,Relocation,1,0.7050877192982455,14200.0,13-24,Yes
CUST0226,35,Katsina,Male,2,1,18,83000.0,1092000,3.0,Good,47,90.505,181.01,800.5,9996.0,Monthly,No,,0,0.0181082432973189,60666.66666666666,37+,Yes
CUST0227,70,Delta,Male,3,1,33,22000.0,716000,1.0,Poor,55,96.36333333333332,289.09,156.06666666666666,5420.2,Monthly,No,,0,0.0533356702704697,21696.969696969696,37+,Yes
CUST0228,50,Jigawa,Female,3,1,34,15000.0,428500,2.0,Fair,52,113.80666666666666,341.42,90.83333333333331,2122.5,Monthly,Yes,High Call Tarriffs,1,0.1608574793875147,12602.941176470587,37+,Yes
CUST0229,78,Delta,Female,1,1,20,9000.0,180000,1.0,Poor,29,104.06,104.06,25.0,500.0,Monthly,Yes,Costly Data Plans,1,0.20812,9000.0,25-36,No
CUST0230,71,Imo,Female,3,1,41,16533.333333333332,618600,2.0,Fair,23,77.94666666666667,233.84,107.16666666666669,3744.0,Monthly,No,,0,0.0624572649572649,15087.80487804878,13-24,Yes
CUST0231,80,Osun,Female,2,1,31,10166.666666666666,230000,1.0,Poor,26,65.39333333333333,196.18,35.833333333333336,685.0,Monthly,No,,0,0.2863941605839416,7419.354838709677,25-36,Yes
CUST0232,54,Zamfara,Male,1,1,20,35000.0,700000,3.0,Good,42,66.73,66.73,165.0,3300.0,Monthly,No,,0,0.0202212121212121,35000.0,37+,No
CUST0233,62,Nasarawa,Male,3,1,27,13833.333333333334,309000,1.0,Poor,7,29.793333333333333,89.38,75.83333333333333,1530.0,Monthly,No,,0,0.0584183006535947,11444.444444444443,7-12,Yes
CUST0234,31,Kebbi,Male,1,1,19,14500.0,275500,3.0,Good,30,91.75,91.75,60.0,1140.0,Monthly,Yes,Fast Data Consumption,1,0.0804824561403508,14500.0,25-36,No
CUST0235,33,Yobe,Male,3,1,42,14866.666666666666,811000,5.0,Excellent,34,133.54,400.62,90.5,5047.5,Monthly,No,,0,0.0793699851411589,19309.52380952381,25-36,Yes
CUST0236,69,Imo,Female,1,1,17,35000.0,595000,3.0,Good,26,120.7,120.7,165.0,2805.0,Monthly,No,,0,0.043030303030303,35000.0,25-36,No
CUST0237,56,Ondo,Male,1,1,12,9000.0,108000,3.0,Good,14,142.22,142.22,25.0,300.0,Monthly,No,,0,0.4740666666666666,9000.0,13-24,No
CUST0238,69,Adamawa,Female,1,1,2,600.0,1200,1.0,Poor,57,11.09,11.09,1.5,3.0,2-Day,No,,0,3.6966666666666663,600.0,37+,No
CUST0239,50,Abuja (FCT),Female,3,1,40,16450.0,538300,2.0,Fair,44,161.72666666666666,485.18,106.82942708333331,2968.7890625,Monthly,No,,0,0.1634269022776016,13457.5,37+,Yes
CUST0240,46,Zamfara,Female,3,1,39,12833.333333333334,609000,4.0,Very Good,45,141.49666666666667,424.49,54.16666666666666,2760.0,Monthly,No,,0,0.1538007246376811,15615.384615384615,37+,Yes
CUST0241,40,Cross River,Female,3,1,23,6633.333333333333,175500,2.0,Fair,12,51.74666666666667,155.24,24.166666666666668,642.5,Monthly,No,,0,0.2416186770428015,7630.434782608696,7-12,Yes
CUST0242,35,Niger,Male,3,1,36,19500.0,755500,4.0,Very Good,50,152.54,457.62,85.0,3345.0,Monthly,No,,0,0.1368071748878923,20986.11111111111,37+,Yes
CUST0243,60,Osun,Male,1,1,1,6500.0,6500,3.0,Good,43,164.83,164.83,16.5,16.5,Monthly,No,,0,9.98969696969697,6500.0,37+,No
CUST0244,60,Nasarawa,Male,2,1,22,8250.0,183000,1.0,Poor,58,117.0,234.0,25.0,560.0,Monthly,No,,0,0.4178571428571428,8318.181818181818,37+,Yes
CUST0245,73,Yobe,Male,1,1,7,16000.0,112000,3.0,Good,19,125.57,125.57,65.0,455.0,Monthly,No,,0,0.2759780219780219,16000.0,13-24,No
CUST0246,70,Anambra,Male,1,1,2,14500.0,29000,1.0,Poor,35,143.52,143.52,60.0,120.0,Monthly,No,,0,1.1960000000000002,14500.0,25-36,No
CUST0247,25,Oyo,Male,1,1,13,75000.0,975000,5.0,Excellent,51,77.91,77.91,450.0,5850.0,3-Month,Yes,Better Offers from Competitors,1,0.0133179487179487,75000.0,37+,No
CUST0248,56,Kano,Female,3,1,42,10000.0,368000,5.0,Excellent,44,62.28,186.84,61.06666666666666,2058.0,Monthly,Yes,High Call Tarriffs,1,0.0907871720116618,8761.904761904761,37+,Yes
CUST0249,66,Kano,Female,3,1,31,14966.666666666666,324200,2.0,Fair,11,90.54666666666668,271.64,90.83333333333331,1635.0,Monthly,No,,0,0.1661406727828746,10458.064516129032,7-12,Yes
CUST0250,26,Abia,Male,3,1,46,11166.666666666666,582500,2.0,Fair,48,105.76333333333332,317.29,63.333333333333336,3480.0,Monthly,No,,0,0.0911752873563218,12663.04347826087,37+,Yes
CUST0251,25,Cross River,Male,2,1,11,23000.0,288000,2.0,Fair,17,95.9,191.8,182.5,2595.0,Monthly,No,,0,0.0739113680154142,26181.81818181818,13-24,Yes
CUST0252,56,Yobe,Female,2,1,22,17250.0,303000,5.0,Excellent,22,72.02000000000001,144.04000000000002,155.0,2540.0,Monthly,Yes,Relocation,1,0.0567086614173228,13772.727272727272,13-24,Yes
CUST0253,62,Borno,Female,2,1,25,10500.0,120000,4.0,Very Good,57,102.005,204.01,76.6,814.0,2-Day,No,,0,0.2506265356265356,4800.0,37+,Yes
CUST0254,41,Edo,Male,3,1,25,27666.666666666668,655000,1.0,Poor,47,94.27333333333333,282.82,135.0,3225.0,Monthly,No,,0,0.0876961240310077,26200.0,37+,Yes
CUST0255,66,Osun,Female,2,1,25,4800.0,183000,5.0,Excellent,9,142.13,284.26,15.75,607.5,2-Day,No,,0,0.467917695473251,7320.0,7-12,Yes
CUST0256,36,Enugu,Male,2,1,14,14500.0,258000,3.0,Good,48,89.00999999999999,178.01999999999998,87.5,1850.0,Monthly,Yes,Better Offers from Competitors,1,0.096227027027027,18428.571428571428,37+,Yes
CUST0257,76,Sokoto,Male,3,1,24,14166.666666666666,472500,1.0,Poor,3,89.65333333333332,268.96,110.66666666666669,4121.0,Monthly,No,,0,0.0652657122057752,19687.5,0-6,Yes
CUST0258,67,Ekiti,Female,2,1,15,18000.0,264000,5.0,Excellent,32,66.81,133.62,107.5,1485.0,Monthly,Yes,Poor Customer Service,1,0.0899797979797979,17600.0,25-36,Yes
CUST0259,31,Osun,Female,2,1,19,4800.0,53400,1.0,Poor,52,89.37,178.74,15.75,171.0,2-Day,No,,0,1.045263157894737,2810.5263157894738,37+,Yes
CUST0260,33,Zamfara,Male,3,1,37,55000.0,2606500,1.0,Poor,58,115.17,345.51,532.3333333333334,25423.0,Daily,Yes,Poor Customer Service,1,0.0135904495928883,70445.94594594595,37+,Yes
CUST0261,39,Zamfara,Female,1,1,4,35000.0,140000,4.0,Very Good,11,77.4,77.4,165.0,660.0,Monthly,No,,0,0.1172727272727272,35000.0,7-12,No
CUST0262,41,Bauchi,Female,3,1,21,8166.666666666667,184000,5.0,Excellent,53,120.19666666666666,360.59,25.5,603.0,Monthly,Yes,Fast Data Consumption,1,0.5979933665008291,8761.904761904761,37+,Yes
CUST0263,70,Osun,Female,3,1,27,17833.333333333332,535500,3.0,Good,51,68.21,204.63,128.33333333333334,3590.0,Monthly,No,,0,0.057,19833.33333333333,37+,Yes
CUST0264,31,Bauchi,Male,1,1,9,35000.0,315000,3.0,Good,25,130.49,130.49,165.0,1485.0,Monthly,No,,0,0.0878720538720538,35000.0,25-36,No
CUST0265,70,Gombe,Female,3,1,26,13666.666666666666,466500,2.0,Fair,44,132.67,398.01,108.83333333333331,4088.5,Monthly,No,,0,0.0973486608780726,17942.30769230769,37+,Yes
CUST0266,73,Abuja (FCT),Male,3,1,27,10166.666666666666,250000,3.0,Good,14,119.82,359.46,35.833333333333336,845.0,Monthly,No,,0,0.425396449704142,9259.25925925926,13-24,Yes
CUST0267,26,Rivers,Female,2,1,9,10500.0,114500,5.0,Excellent,60,72.815,145.63,38.25,453.0,Monthly,No,,0,0.3214790286975717,12722.222222222224,37+,Yes
CUST0268,45,Abuja (FCT),Male,1,1,13,75000.0,975000,1.0,Poor,24,70.95,70.95,450.0,5850.0,3-Month,No,,0,0.0121282051282051,75000.0,13-24,No
CUST0269,41,Bauchi,Male,3,1,40,16800.0,779100,1.0,Poor,48,120.01333333333332,360.04,75.83333333333333,3590.0,Monthly,No,,0,0.1002896935933147,19477.5,37+,Yes
CUST0270,29,Kaduna,Female,2,1,24,37833.333333333336,687500,5.0,Excellent,22,161.49333333333334,484.48,207.33333333333331,3870.0,Monthly,No,,0,0.125188630490956,28645.83333333333,13-24,Yes
CUST0271,30,Edo,Male,2,1,22,4675.0,85550,2.0,Fair,25,99.06,198.12,15.244140625,276.34765625,Daily,No,,0,0.7169230334299244,3888.636363636364,25-36,Yes
CUST0272,25,Enugu,Female,2,1,16,9500.0,162000,2.0,Fair,21,123.635,247.27,35.0,610.0,Monthly,No,,0,0.4053606557377049,10125.0,13-24,Yes
CUST0273,45,Benue,Male,1,1,18,14500.0,261000,2.0,Fair,54,122.96,122.96,60.0,1080.0,Monthly,No,,0,0.1138518518518518,14500.0,37+,No
CUST0274,77,Gombe,Female,3,1,22,29666.666666666668,634000,4.0,Very Good,32,89.68,269.04,195.0,5250.0,Monthly,Yes,Better Offers from Competitors,1,0.0512457142857142,28818.18181818182,25-36,Yes
CUST0275,31,Bauchi,Female,2,1,17,17250.0,306000,1.0,Poor,21,116.345,232.69,155.0,2780.0,Monthly,No,,0,0.0837014388489208,18000.0,13-24,Yes
CUST0276,76,Bayelsa,Female,2,1,27,14250.0,492000,4.0,Very Good,12,143.14,286.28000000000003,65.0,2360.0,Monthly,Yes,High Call Tarriffs,1,0.1213050847457627,18222.222222222223,7-12,Yes
CUST0277,50,Imo,Female,1,1,16,900.0,14400,2.0,Fair,55,35.73,35.73,2.5,40.0,2-Day,Yes,High Call Tarriffs,1,0.8932499999999999,900.0,37+,No
CUST0278,56,Yobe,Female,1,1,4,9000.0,36000,4.0,Very Good,17,95.57,95.57,25.0,100.0,Monthly,Yes,Poor Customer Service,1,0.9557,9000.0,13-24,No
CUST0279,58,Edo,Female,2,1,27,14750.0,470000,3.0,Good,24,130.62,261.24,105.0,3500.0,Monthly,Yes,Poor Network,1,0.07464,17407.40740740741,13-24,Yes
CUST0280,73,Katsina,Female,1,1,20,9000.0,180000,4.0,Very Good,40,84.65,84.65,25.0,500.0,Monthly,No,,0,0.1693,9000.0,37+,No
CUST0281,25,Katsina,Male,2,1,32,39250.0,1184500,3.0,Good,22,102.16,204.32,228.5,6869.0,3-Month,No,,0,0.0297452322026495,37015.625,13-24,Yes
CUST0282,68,Abuja (FCT),Male,3,1,33,13166.666666666666,386000,2.0,Fair,55,19.42333333333333,58.27,61.06666666666666,1851.2,Monthly,No,,0,0.0314768798617113,11696.969696969696,37+,Yes
CUST0283,26,Anambra,Female,2,1,21,17250.0,337500,1.0,Poor,40,87.17,174.34,105.0,1800.0,Monthly,No,,0,0.0968555555555555,16071.42857142857,37+,Yes
CUST0284,20,Ekiti,Female,3,1,51,21866.666666666668,1179000,4.0,Very Good,56,139.07333333333335,417.22,155.5,8392.5,Monthly,No,,0,0.0497134346142389,23117.647058823528,37+,Yes
CUST0285,60,Taraba,Male,2,1,33,22000.0,728000,4.0,Very Good,52,35.86,71.72,135.0,4440.0,Monthly,No,,0,0.0161531531531531,22060.60606060606,37+,Yes
CUST0286,17,Yobe,Female,2,1,24,5000.0,114000,4.0,Very Good,20,80.945,161.89,11.25,255.0,Monthly,No,,0,0.6348627450980392,4750.0,13-24,Yes
CUST0287,64,Osun,Female,3,1,16,28333.33333333333,292500,2.0,Fair,6,63.17,189.51,157.5,1502.5,Monthly,No,,0,0.1261297836938436,18281.25,0-6,Yes
CUST0288,40,Niger,Male,2,1,24,79500.0,1344000,5.0,Excellent,10,88.06,176.12,783.0,12768.0,Monthly,Yes,Poor Network,1,0.0137938596491228,56000.0,7-12,Yes
CUST0289,59,Kogi,Female,1,1,5,20000.0,100000,3.0,Good,51,168.79,168.79,150.0,750.0,Monthly,No,,0,0.2250533333333333,20000.0,37+,No
CUST0290,50,Kebbi,Male,2,1,23,7750.0,225500,2.0,Fair,35,174.645,349.29,31.6,925.6,2-Day,Yes,Better Offers from Competitors,1,0.3773660328435609,9804.347826086956,25-36,Yes
CUST0291,20,Benue,Female,1,1,10,7500.0,75000,5.0,Excellent,48,136.45,136.45,20.0,200.0,Monthly,No,,0,0.6822499999999999,7500.0,37+,No
CUST0292,36,Rivers,Male,3,1,21,26500.0,629000,3.0,Good,17,61.556666666666665,184.67,175.0,5010.0,Monthly,Yes,Poor Network,1,0.0368602794411177,29952.380952380958,13-24,Yes
CUST0293,35,Gombe,Male,2,1,26,15500.0,548000,4.0,Very Good,16,77.345,154.69,151.6,5425.6,2-Day,Yes,Relocation,1,0.0285111324093187,21076.92307692308,13-24,Yes
CUST0294,60,Nasarawa,Male,2,1,24,24750.0,471000,3.0,Good,2,75.195,150.39,112.5,2070.0,Monthly,No,,0,0.0726521739130434,19625.0,0-6,Yes
CUST0295,60,Niger,Female,2,1,18,30000.0,460000,1.0,Poor,18,118.975,237.95,182.5,3565.0,Monthly,No,,0,0.0667461430575035,25555.555555555555,13-24,Yes
CUST0296,46,Niger,Male,2,1,14,14500.0,159000,2.0,Fair,43,42.28,84.56,87.5,725.0,Monthly,No,,0,0.1166344827586206,11357.142857142857,37+,Yes
CUST0297,32,Enugu,Male,3,1,34,15500.0,427500,4.0,Very Good,13,46.126666666666665,138.38,67.16666666666667,1728.5,Monthly,Yes,Poor Network,1,0.0800578536303153,12573.529411764706,13-24,Yes
CUST0298,26,Sokoto,Male,1,1,10,9000.0,90000,3.0,Good,24,146.99,146.99,30.0,300.0,Monthly,No,,0,0.4899666666666667,9000.0,13-24,No
CUST0299,43,Bauchi,Male,1,1,18,4500.0,81000,5.0,Excellent,7,111.91,111.91,10.0,180.0,Monthly,No,,0,0.6217222222222222,4500.0,7-12,No
CUST0300,29,Ekiti,Female,3,1,45,53200.0,1788000,1.0,Poor,45,154.26666666666668,462.8,520.8333333333334,17276.0,2-Day,Yes,Poor Customer Service,1,0.0267886084741838,39733.333333333336,37+,Yes
CUST0301,57,Imo,Male,2,1,30,4950.0,108000,3.0,Good,25,150.18,300.36,16.25,350.0,2-Day,No,,0,0.8581714285714286,3600.0,25-36,Yes
CUST0302,54,Osun,Male,3,1,33,14866.666666666666,463200,1.0,Poor,55,28.83,86.49000000000001,90.5,2898.0,Monthly,No,,0,0.0298447204968944,14036.363636363636,37+,Yes
CUST0303,27,Kebbi,Male,1,1,10,1000.0,10000,3.0,Good,47,119.25,119.25,3.2,32.0,2-Day,No,,0,3.7265625,1000.0,37+,No
CUST0304,64,Katsina,Male,2,1,33,4675.0,124000,3.0,Good,59,138.31,276.62,15.244140625,399.765625,Daily,No,,0,0.6919554426421731,3757.5757575757575,37+,Yes
CUST0305,55,Bauchi,Male,1,1,13,16000.0,208000,3.0,Good,21,134.89,134.89,65.0,845.0,Monthly,No,,0,0.1596331360946745,16000.0,13-24,No
CUST0306,80,Katsina,Male,1,1,9,900.0,8100,4.0,Very Good,28,109.86,109.86,2.5,22.5,2-Day,Yes,Costly Data Plans,1,4.882666666666666,900.0,25-36,No
CUST0307,67,Zamfara,Female,1,1,7,7500.0,52500,2.0,Fair,50,130.62,130.62,20.0,140.0,Monthly,No,,0,0.933,7500.0,37+,No
CUST0308,47,Imo,Male,3,1,20,9000.0,213000,3.0,Good,18,58.95666666666667,176.87,30.666666666666668,727.0,Monthly,No,,0,0.2432874828060522,10650.0,13-24,Yes
CUST0309,34,Nasarawa,Male,1,1,8,9000.0,72000,2.0,Fair,60,148.05,148.05,30.0,240.0,Monthly,No,,0,0.6168750000000001,9000.0,37+,No
CUST0310,52,Lagos,Female,1,1,7,14500.0,101500,3.0,Good,45,148.13,148.13,60.0,420.0,Monthly,No,,0,0.3526904761904761,14500.0,37+,No
CUST0311,49,Taraba,Male,3,1,30,6333.333333333333,198000,4.0,Very Good,45,48.76,146.28,19.4,653.8,Monthly,No,,0,0.2237381462220863,6600.0,37+,Yes
CUST0312,29,Kano,Female,3,1,38,12500.0,364500,2.0,Fair,56,71.78666666666666,215.36,53.333333333333336,1380.0,Monthly,No,,0,0.1560579710144927,9592.105263157897,37+,Yes
CUST0313,58,Yobe,Female,2,1,26,12250.0,412500,1.0,Poor,48,105.045,210.09,60.5,2049.0,Daily,No,,0,0.1025329428989751,15865.384615384615,37+,Yes
CUST0314,19,Akwa Ibom,Male,1,1,19,350.0,6650,4.0,Very Good,10,83.76,83.76,0.48828125,9.27734375,Daily,No,,0,9.028446315789472,350.0,7-12,No
CUST0315,70,Abia,Female,3,1,20,9833.333333333334,290500,2.0,Fair,29,127.15000000000002,381.4500000000001,44.4,1382.8,Monthly,No,,0,0.2758533410471507,14525.0,25-36,Yes
CUST0316,56,Plateau,Male,2,1,8,10250.0,23500,4.0,Very Good,49,28.78,57.56,75.5,157.0,Daily,No,,0,0.366624203821656,2937.5,37+,Yes
CUST0317,45,Osun,Male,2,1,28,32500.0,900000,3.0,Good,44,156.525,313.05,232.5,6780.0,Monthly,Yes,Better Offers from Competitors,1,0.0461725663716814,32142.85714285714,37+,Yes
CUST0318,33,Abuja (FCT),Male,1,1,7,75000.0,525000,4.0,Very Good,15,44.9,44.9,450.0,3150.0,3-Month,No,,0,0.0142539682539682,75000.0,13-24,No
CUST0319,24,Enugu,Female,1,1,20,7500.0,150000,3.0,Good,56,155.35,155.35,20.0,400.0,Monthly,No,,0,0.3883749999999999,7500.0,37+,No
CUST0320,56,Kebbi,Male,1,1,2,35000.0,70000,4.0,Very Good,34,196.77,196.77,165.0,330.0,Monthly,No,,0,0.5962727272727273,35000.0,25-36,No
CUST0321,22,Benue,Female,2,1,17,15750.0,375000,3.0,Good,29,120.01,240.02,70.0,1840.0,Monthly,No,,0,0.130445652173913,22058.82352941177,25-36,Yes
CUST0322,27,Zamfara,Male,2,1,18,10000.0,162000,4.0,Very Good,12,68.38,136.76,36.25,557.5,Monthly,No,,0,0.2453094170403587,9000.0,7-12,Yes
CUST0323,31,Katsina,Male,2,1,11,19250.0,227500,3.0,Good,46,61.29,122.58,86.0,1025.0,Monthly,Yes,High Call Tarriffs,1,0.119590243902439,20681.81818181818,37+,Yes
CUST0324,34,Enugu,Male,2,1,14,15175.0,153150,3.0,Good,27,12.575,25.15,150.244140625,1504.39453125,Daily,No,,0,0.0167176890619928,10939.285714285714,25-36,Yes
CUST0325,74,Yobe,Female,1,1,15,35000.0,525000,5.0,Excellent,35,91.02,91.02,165.0,2475.0,Monthly,No,,0,0.0367757575757575,35000.0,25-36,No
CUST0326,16,Imo,Female,1,1,20,900.0,18000,1.0,Poor,40,133.57,133.57,2.5,50.0,2-Day,Yes,Poor Network,1,2.6714,900.0,37+,No
CUST0327,58,Katsina,Male,3,1,41,13166.666666666666,565500,2.0,Fair,7,81.64,244.92,74.0,3441.0,Monthly,Yes,Costly Data Plans,1,0.0711769834350479,13792.682926829268,7-12,Yes
CUST0328,53,Taraba,Male,3,1,48,22000.0,1002000,3.0,Good,8,68.33333333333333,205.0,171.66666666666666,7405.0,Monthly,No,,0,0.0276839972991222,20875.0,7-12,Yes
CUST0329,61,Borno,Female,3,1,19,51616.66666666666,609400,4.0,Very Good,34,95.37,286.11,515.49609375,6160.8359375,Daily,No,,0,0.0464401264540247,32073.68421052632,25-36,Yes
CUST0330,21,Bayelsa,Female,3,1,41,21000.0,1038000,1.0,Poor,36,94.17666666666666,282.53,148.33333333333334,7960.0,Monthly,No,,0,0.0354937185929648,25317.073170731703,25-36,Yes
CUST0331,38,Benue,Female,1,1,15,35000.0,525000,4.0,Very Good,54,31.5,31.5,165.0,2475.0,Monthly,No,,0,0.0127272727272727,35000.0,37+,No
CUST0332,58,Sokoto,Female,3,1,27,16000.0,507000,5.0,Excellent,60,99.21,297.63,122.33333333333331,3995.0,Monthly,Yes,High Call Tarriffs,1,0.0745006257822277,18777.777777777777,37+,Yes
CUST0333,37,Jigawa,Male,2,1,18,11750.0,206000,3.0,Good,39,54.24,108.48,42.5,730.0,Monthly,No,,0,0.1486027397260274,11444.444444444443,37+,Yes
CUST0334,54,Enugu,Male,2,1,28,29500.0,859000,2.0,Fair,24,88.93,177.86,142.5,4125.0,Monthly,No,,0,0.0431175757575757,30678.571428571428,13-24,Yes
CUST0335,57,Plateau,Male,2,1,30,7750.0,245000,2.0,Fair,53,80.59,161.18,23.25,765.0,Monthly,No,,0,0.2106928104575163,8166.666666666667,37+,Yes
CUST0336,58,Sokoto,Male,2,1,24,5500.0,138000,1.0,Poor,7,51.54,103.08,13.25,337.5,Monthly,No,,0,0.3054222222222222,5750.0,7-12,Yes
CUST0337,50,Plateau,Male,3,1,22,13500.0,299000,1.0,Poor,18,80.56333333333333,241.69,62.0,1321.0,Monthly,No,,0,0.1829598788796366,13590.90909090909,13-24,Yes
CUST0338,72,Oyo,Male,1,1,20,7500.0,150000,1.0,Poor,2,36.21,36.21,20.0,400.0,Monthly,Yes,Poor Network,1,0.090525,7500.0,0-6,No
CUST0339,61,Abia,Female,2,1,18,24750.0,466000,5.0,Excellent,53,57.135000000000005,114.27,112.5,2130.0,Monthly,Yes,Better Offers from Competitors,1,0.0536478873239436,25888.88888888889,37+,Yes
CUST0340,49,Gombe,Female,1,1,16,14500.0,232000,3.0,Good,12,23.02,23.02,60.0,960.0,Monthly,No,,0,0.0239791666666666,14500.0,7-12,No
CUST0341,37,Cross River,Female,3,1,37,23833.33333333333,774000,5.0,Excellent,39,62.36666666666667,187.1,160.5,5484.0,Monthly,Yes,Better Offers from Competitors,1,0.0341174325309992,20918.91891891892,37+,Yes
CUST0342,24,Bayelsa,Male,2,1,39,15250.0,594000,4.0,Very Good,53,85.655,171.31,62.5,2435.0,Monthly,No,,0,0.07035318275154,15230.76923076923,37+,Yes
CUST0343,57,Anambra,Female,3,1,23,55633.333333333336,2034500,4.0,Very Good,12,92.19666666666666,276.59,534.5,20305.5,2-Day,Yes,Poor Network,1,0.0136214326167787,88456.52173913043,7-12,Yes
CUST0344,41,Ondo,Female,2,1,27,42000.0,903000,4.0,Very Good,20,146.045,292.09,240.0,5010.0,3-Month,No,,0,0.0583013972055888,33444.444444444445,13-24,Yes
CUST0345,63,Oyo,Male,1,1,13,35000.0,455000,1.0,Poor,46,140.59,140.59,165.0,2145.0,Monthly,No,,0,0.0655431235431235,35000.0,37+,No
CUST0346,64,Kebbi,Female,1,1,5,3500.0,17500,2.0,Fair,28,168.07,168.07,7.0,35.0,Monthly,No,,0,4.802,3500.0,25-36,No
CUST0347,32,Borno,Male,2,1,34,7750.0,304000,2.0,Fair,5,103.325,206.65,31.6,1244.8,2-Day,No,,0,0.1660106041131105,8941.176470588236,0-6,Yes
CUST0348,39,Sokoto,Female,1,1,8,900.0,7200,4.0,Very Good,36,115.8,115.8,2.5,20.0,2-Day,No,,0,5.79,900.0,25-36,No
CUST0349,50,Kogi,Female,2,1,20,22250.0,553500,5.0,Excellent,3,169.26999999999998,338.54,180.0,5280.0,Monthly,No,,0,0.0641174242424242,27675.0,0-6,Yes
CUST0350,75,Bauchi,Male,3,1,39,22666.666666666668,802000,2.0,Fair,34,73.36,220.08,105.0,3645.0,Monthly,No,,0,0.0603786008230452,20564.102564102563,25-36,Yes
CUST0351,61,Cross River,Female,3,1,29,23333.33333333333,732000,5.0,Excellent,11,48.84666666666667,146.54000000000002,161.66666666666666,5115.0,Monthly,No,,0,0.0286490713587487,25241.379310344822,7-12,Yes
CUST0352,48,Borno,Female,3,1,31,24500.0,648500,1.0,Poor,18,89.14999999999999,267.45,115.0,2970.0,Monthly,No,,0,0.090050505050505,20919.35483870968,13-24,Yes
CUST0353,59,Katsina,Male,2,1,18,12750.0,273000,4.0,Very Good,39,130.55,261.1,81.25,1875.0,Monthly,No,,0,0.1392533333333333,15166.666666666666,37+,Yes
CUST0354,49,Delta,Male,2,1,6,20750.0,181500,4.0,Very Good,11,134.65,269.3,90.75,841.5,Monthly,No,,0,0.3200237670825906,30250.0,7-12,Yes
CUST0355,73,Jigawa,Female,3,1,25,13166.666666666666,261000,1.0,Poor,34,113.40333333333336,340.21000000000004,79.16666666666667,1225.0,Monthly,No,,0,0.2777224489795918,10440.0,25-36,Yes
CUST0356,59,Enugu,Female,1,1,15,1000.0,15000,1.0,Poor,36,105.29,105.29,3.2,48.0,2-Day,No,,0,2.193541666666667,1000.0,25-36,No
CUST0357,44,Cross River,Female,1,1,4,16000.0,64000,1.0,Poor,13,141.76,141.76,65.0,260.0,Monthly,No,,0,0.5452307692307692,16000.0,13-24,No
CUST0358,32,Jigawa,Male,3,1,27,21000.0,519000,2.0,Fair,58,114.11,342.33000000000004,148.33333333333334,3985.0,Monthly,Yes,Fast Data Consumption,1,0.0859046424090339,19222.222222222223,37+,Yes
CUST0359,58,Oyo,Female,2,1,30,27500.0,840000,2.0,Fair,53,32.65,65.3,157.5,4740.0,Monthly,No,,0,0.0137763713080168,28000.0,37+,Yes
CUST0360,29,Nasarawa,Female,2,1,10,7250.0,86500,1.0,Poor,7,81.645,163.29,21.25,282.5,Monthly,Yes,High Call Tarriffs,1,0.5780176991150442,8650.0,7-12,Yes
CUST0361,58,Kebbi,Male,3,1,41,10833.333333333334,429500,4.0,Very Good,33,109.13,327.39,62.333333333333336,2371.0,Monthly,No,,0,0.1380809784900885,10475.60975609756,25-36,Yes
CUST0362,27,Gombe,Female,1,1,10,14500.0,145000,3.0,Good,6,132.32,132.32,60.0,600.0,Monthly,No,,0,0.2205333333333333,14500.0,0-6,No
CUST0363,29,Ekiti,Female,1,1,18,35000.0,630000,2.0,Fair,6,78.06,78.06,165.0,2970.0,Monthly,Yes,Poor Customer Service,1,0.0262828282828282,35000.0,0-6,No
CUST0364,79,Adamawa,Female,3,1,43,18533.33333333333,974800,3.0,Good,2,165.97,497.91,105.5,5532.0,Monthly,Yes,Better Offers from Competitors,1,0.0900054229934924,22669.767441860466,0-6,Yes
CUST0365,20,Plateau,Female,3,1,25,53166.66666666666,2870000,4.0,Very Good,42,107.18,321.54,522.3333333333334,29248.0,Daily,No,,0,0.0109935722100656,114800.0,37+,Yes
CUST0366,29,Delta,Female,2,1,26,40750.0,1470500,1.0,Poor,39,46.540000000000006,93.08,233.25,8665.5,3-Month,No,,0,0.0107414459638797,56557.69230769231,37+,Yes
CUST0367,38,Bayelsa,Male,1,1,19,30000.0,570000,2.0,Fair,8,88.01,88.01,300.0,5700.0,Monthly,No,,0,0.0154403508771929,30000.0,7-12,No
CUST0368,33,Anambra,Female,1,1,3,9000.0,27000,1.0,Poor,50,36.29,36.29,30.0,90.0,Monthly,No,,0,0.4032222222222222,9000.0,37+,No
CUST0369,69,Taraba,Male,2,1,26,20000.0,496000,3.0,Good,14,154.77,309.54,92.5,2240.0,Monthly,No,,0,0.1381875,19076.92307692308,13-24,Yes
CUST0370,69,Lagos,Male,3,1,27,56833.333333333336,1372000,5.0,Excellent,13,100.82666666666668,302.48,562.3333333333334,13156.0,Daily,No,,0,0.0229917908178777,50814.81481481482,13-24,Yes
CUST0371,38,Abuja (FCT),Male,2,1,19,10500.0,38000,3.0,Good,4,90.12,180.24,76.6,207.6,2-Day,Yes,Costly Data Plans,1,0.8682080924855492,2000.0,0-6,Yes
CUST0372,30,Kaduna,Male,2,1,12,17000.0,236000,5.0,Excellent,47,46.17,92.34,112.5,1700.0,Monthly,No,,0,0.0543176470588235,19666.666666666668,37+,Yes
CUST0373,41,Jigawa,Male,2,1,19,27500.0,560000,5.0,Excellent,5,63.92,127.84,157.5,3030.0,Monthly,No,,0,0.0421914191419141,29473.68421052632,0-6,Yes
CUST0374,50,Benue,Female,1,1,11,5500.0,60500,5.0,Excellent,9,83.94,83.94,12.5,137.5,Monthly,Yes,Poor Customer Service,1,0.6104727272727273,5500.0,7-12,No
CUST0375,53,Abuja (FCT),Male,3,1,47,10000.0,442500,1.0,Poor,37,94.84999999999998,284.54999999999995,57.5,2465.0,Monthly,No,,0,0.1154361054766734,9414.893617021276,37+,Yes
CUST0376,16,Kogi,Male,1,1,8,1000.0,8000,5.0,Excellent,3,90.76,90.76,3.2,25.6,2-Day,Yes,Relocation,1,3.5453125,1000.0,0-6,No
CUST0377,17,Kogi,Male,1,1,15,500.0,7500,3.0,Good,9,32.78,32.78,1.0,15.0,Daily,Yes,Poor Network,1,2.1853333333333333,500.0,7-12,No
CUST0378,74,Sokoto,Male,2,1,14,37950.0,827700,2.0,Fair,56,175.445,350.89,226.25,4957.5,2-Day,No,,0,0.0707796268280383,59121.42857142857,37+,Yes
CUST0379,20,Cross River,Female,1,1,2,24000.0,48000,5.0,Excellent,49,176.23,176.23,120.0,240.0,Monthly,No,,0,0.7342916666666667,24000.0,37+,No
CUST0380,62,Oyo,Male,2,1,15,20000.0,300000,4.0,Very Good,25,154.315,308.63,150.0,2250.0,Monthly,No,,0,0.1371688888888889,20000.0,25-36,Yes
CUST0381,30,Taraba,Male,2,1,29,17950.0,605800,3.0,Good,49,55.32,110.64,83.75,2835.0,2-Day,No,,0,0.039026455026455,20889.655172413797,37+,Yes
CUST0382,76,Adamawa,Female,1,1,10,14500.0,145000,1.0,Poor,29,179.64,179.64,60.0,600.0,Monthly,Yes,Fast Data Consumption,1,0.2994,14500.0,25-36,No
CUST0383,29,Abuja (FCT),Female,3,1,18,19000.0,417000,4.0,Very Good,8,102.97333333333331,308.92,88.33333333333333,2065.0,Monthly,Yes,Poor Customer Service,1,0.1495980629539951,23166.666666666668,7-12,Yes
CUST0384,58,Kogi,Female,3,1,28,51700.0,1542000,4.0,Very Good,42,137.45333333333335,412.36,515.8333333333334,15455.0,2-Day,No,,0,0.0266813329019734,55071.42857142857,37+,Yes
CUST0385,34,Ekiti,Female,3,1,35,13200.0,298200,5.0,Excellent,30,106.63,319.89,110.5,1788.0,Monthly,No,,0,0.1789093959731543,8520.0,25-36,Yes
CUST0386,42,Rivers,Female,1,1,13,20000.0,260000,3.0,Good,23,184.13,184.13,150.0,1950.0,Monthly,No,,0,0.094425641025641,20000.0,13-24,No
CUST0387,34,Sokoto,Female,2,1,34,14250.0,523500,5.0,Excellent,10,176.98000000000002,353.96000000000004,65.0,2430.0,Monthly,No,,0,0.1456625514403292,15397.058823529413,7-12,Yes
CUST0388,30,Taraba,Male,1,1,2,3500.0,7000,3.0,Good,9,18.95,18.95,7.0,14.0,Monthly,Yes,Relocation,1,1.3535714285714284,3500.0,7-12,No
CUST0389,44,Akwa Ibom,Male,3,1,46,21333.33333333333,998000,5.0,Excellent,2,103.37,310.11,115.0,5670.0,Monthly,No,,0,0.0546931216931216,21695.652173913044,0-6,Yes
CUST0390,65,Gombe,Male,2,1,28,10000.0,280000,3.0,Good,19,103.255,206.51,36.25,1015.0,Monthly,No,,0,0.2034581280788177,10000.0,13-24,Yes
CUST0391,33,Katsina,Male,3,1,37,13000.0,456000,4.0,Very Good,14,25.820000000000004,77.46000000000001,73.33333333333333,2380.0,Monthly,No,,0,0.0325462184873949,12324.324324324323,13-24,Yes
CUST0392,78,Rivers,Female,2,1,20,15250.0,305000,4.0,Very Good,54,28.25,56.5,62.5,1250.0,Monthly,No,,0,0.0452,15250.0,37+,Yes
CUST0393,38,Yobe,Male,1,1,9,150000.0,1350000,3.0,Good,2,113.33,113.33,1536.0,13824.0,Yearly,No,,0,0.0081980613425925,150000.0,0-6,No
CUST0394,31,Gombe,Male,1,1,5,150000.0,750000,2.0,Fair,55,175.72,175.72,1536.0,7680.0,Yearly,No,,0,0.0228802083333333,150000.0,37+,No
CUST0395,36,Oyo,Female,3,1,43,16833.333333333332,736000,3.0,Good,24,105.56333333333332,316.69,150.33333333333334,6312.0,Monthly,Yes,Costly Data Plans,1,0.0501726869455006,17116.279069767443,13-24,Yes
CUST0396,61,Plateau,Male,2,1,35,20000.0,700000,3.0,Good,9,105.185,210.37,150.0,5250.0,Monthly,No,,0,0.0400704761904761,20000.0,7-12,Yes
CUST0397,30,Kogi,Female,1,1,12,3500.0,42000,1.0,Poor,59,62.66,62.66,7.0,84.0,Monthly,No,,0,0.7459523809523809,3500.0,37+,No
CUST0398,72,Bauchi,Female,1,1,5,4500.0,22500,1.0,Poor,12,171.43,171.43,10.0,50.0,Monthly,No,,0,3.4286000000000003,4500.0,7-12,No
CUST0399,55,Borno,Male,1,1,14,9000.0,126000,4.0,Very Good,9,155.05,155.05,30.0,420.0,Monthly,No,,0,0.3691666666666667,9000.0,7-12,No
CUST0400,41,Anambra,Male,1,1,4,30000.0,120000,4.0,Very Good,51,133.68,133.68,300.0,1200.0,Monthly,Yes,Costly Data Plans,1,0.1114,30000.0,37+,No
CUST0401,42,Benue,Male,3,1,21,13783.333333333334,442050,1.0,Poor,43,99.25666666666666,297.77,88.49609375,3466.46484375,Monthly,Yes,Better Offers from Competitors,1,0.0859001932579458,21050.0,37+,Yes
CUST0402,43,Benue,Female,3,1,25,8166.666666666667,196500,1.0,Poor,11,115.05,345.15,27.5,660.0,Monthly,No,,0,0.5229545454545454,7860.0,7-12,Yes
CUST0403,30,Niger,Male,2,1,31,5000.0,159000,5.0,Excellent,30,47.085,94.17,16.6,528.0,2-Day,Yes,Better Offers from Competitors,1,0.1783522727272727,5129.032258064516,25-36,Yes
CUST0404,72,Osun,Female,2,1,33,9000.0,297000,2.0,Fair,19,139.665,279.33,30.0,990.0,Monthly,No,,0,0.2821515151515151,9000.0,13-24,Yes
CUST0405,31,Plateau,Female,2,1,33,92500.0,3340000,2.0,Fair,26,40.525,81.05,850.5,31494.0,Monthly,Yes,Poor Customer Service,1,0.0025735060646472,101212.12121212122,25-36,Yes
CUST0406,67,Ekiti,Female,1,1,16,1000.0,16000,4.0,Very Good,43,24.88,24.88,3.2,51.2,2-Day,No,,0,0.4859374999999999,1000.0,37+,No
CUST0407,45,Borno,Male,1,1,11,35000.0,385000,1.0,Poor,7,121.11,121.11,165.0,1815.0,Monthly,No,,0,0.0667272727272727,35000.0,7-12,No
CUST0408,54,Anambra,Male,2,1,20,4750.0,27000,4.0,Very Good,43,149.63,299.26,15.5,78.0,Daily,Yes,High Call Tarriffs,1,3.8366666666666656,1350.0,37+,Yes
CUST0409,31,Jigawa,Female,1,1,6,9000.0,54000,4.0,Very Good,21,177.0,177.0,25.0,150.0,Monthly,No,,0,1.18,9000.0,13-24,No
CUST0410,71,Borno,Female,3,1,34,16500.0,597000,4.0,Very Good,46,104.94333333333331,314.83,69.16666666666667,2535.0,Monthly,No,,0,0.1241932938856015,17558.823529411766,37+,Yes
CUST0411,57,Oyo,Male,2,1,28,27500.0,770000,2.0,Fair,38,137.405,274.81,250.0,7000.0,Monthly,No,,0,0.0392585714285714,27500.0,37+,Yes
CUST0412,23,Imo,Male,1,1,1,20000.0,20000,5.0,Excellent,16,67.85,67.85,150.0,150.0,Monthly,Yes,High Call Tarriffs,1,0.4523333333333333,20000.0,13-24,No
CUST0413,57,Rivers,Female,2,1,22,82250.0,1809500,5.0,Excellent,43,116.045,232.09,798.0,17556.0,Monthly,No,,0,0.0132199817726133,82250.0,37+,Yes
CUST0414,78,Anambra,Male,3,1,12,14666.666666666666,227500,5.0,Excellent,22,126.33333333333331,379.0,90.0,1600.0,Monthly,No,,0,0.236875,18958.33333333333,13-24,Yes
CUST0415,67,Osun,Male,1,1,3,7500.0,22500,5.0,Excellent,46,42.34,42.34,20.0,60.0,Monthly,No,,0,0.7056666666666668,7500.0,37+,No
CUST0416,80,Abia,Female,2,1,8,18250.0,216500,2.0,Fair,43,76.055,152.11,158.25,2116.5,Monthly,No,,0,0.0718686510748878,27062.5,37+,Yes
CUST0417,50,Adamawa,Female,1,1,10,4500.0,45000,5.0,Excellent,60,149.41,149.41,10.0,100.0,Monthly,Yes,Fast Data Consumption,1,1.4941,4500.0,37+,No
CUST0418,68,Niger,Male,3,1,29,16616.666666666668,381500,4.0,Very Good,41,50.48,151.44,75.16276041666667,1669.8828125,Monthly,Yes,Costly Data Plans,1,0.090688998573066,13155.172413793103,37+,Yes
CUST0419,20,Benue,Male,2,1,19,12500.0,283000,1.0,Poor,18,102.16,204.32,47.5,1130.0,Monthly,Yes,Better Offers from Competitors,1,0.1808141592920354,14894.736842105263,13-24,Yes
CUST0420,54,Kaduna,Female,3,1,33,18166.666666666668,535500,1.0,Poor,58,91.84333333333332,275.53,81.66666666666667,2255.0,Monthly,No,,0,0.1221862527716186,16227.272727272728,37+,Yes
CUST0421,65,Imo,Female,2,1,26,8450.0,234800,1.0,Poor,14,80.985,161.97,33.75,940.0,2-Day,Yes,Costly Data Plans,1,0.1723085106382978,9030.76923076923,13-24,Yes
CUST0422,47,Akwa Ibom,Male,1,1,8,9000.0,72000,3.0,Good,24,138.29,138.29,30.0,240.0,Monthly,No,,0,0.5762083333333333,9000.0,13-24,No
CUST0423,65,Abia,Female,2,1,17,18750.0,307500,5.0,Excellent,58,102.02,204.04,160.0,2580.0,Monthly,No,,0,0.0790852713178294,18088.235294117647,37+,Yes
CUST0424,42,Abuja (FCT),Female,2,1,15,24750.0,299500,4.0,Very Good,41,161.465,322.93,112.5,1320.0,Monthly,No,,0,0.2446439393939393,19966.666666666668,37+,Yes
CUST0425,49,Zamfara,Male,3,1,21,17666.666666666668,319000,5.0,Excellent,23,122.39666666666666,367.19,75.0,1305.0,Monthly,No,,0,0.2813716475095785,15190.47619047619,13-24,Yes
CUST0426,26,Delta,Male,2,1,26,4800.0,74400,5.0,Excellent,16,106.26,212.52,13.25,203.5,2-Day,No,,0,1.0443243243243243,2861.538461538461,13-24,Yes
CUST0427,69,Gombe,Male,3,1,32,4666.666666666667,159000,5.0,Excellent,26,54.50666666666666,163.51999999999998,13.666666666666666,492.0,Monthly,Yes,Poor Network,1,0.3323577235772357,4968.75,25-36,Yes
CUST0428,31,Lagos,Female,1,1,16,9000.0,144000,4.0,Very Good,50,57.95,57.95,25.0,400.0,Monthly,Yes,High Call Tarriffs,1,0.144875,9000.0,37+,No
CUST0429,32,Kwara,Male,1,1,5,600.0,3000,3.0,Good,39,82.0,82.0,1.5,7.5,2-Day,No,,0,10.933333333333334,600.0,37+,No
CUST0430,53,Edo,Male,3,1,33,31666.666666666668,924000,2.0,Fair,40,103.98333333333332,311.95,174.16666666666666,4967.5,Monthly,No,,0,0.0627981882234524,28000.0,37+,Yes
CUST0431,28,Oyo,Male,3,1,24,15833.333333333334,421500,4.0,Very Good,22,124.95,374.85,68.33333333333333,1885.0,Monthly,No,,0,0.1988594164456233,17562.5,13-24,Yes
CUST0432,80,Yobe,Female,3,1,24,8166.666666666667,225500,2.0,Fair,57,140.89333333333337,422.68,29.4,806.0,Monthly,Yes,High Call Tarriffs,1,0.5244168734491316,9395.833333333334,37+,Yes
CUST0433,49,Bauchi,Female,2,1,7,22000.0,193000,3.0,Good,28,28.74,57.48,97.5,885.0,Monthly,No,,0,0.0649491525423728,27571.42857142857,25-36,Yes
CUST0434,49,Abuja (FCT),Female,3,1,18,13666.666666666666,261000,4.0,Very Good,28,92.01,276.03000000000003,62.73333333333333,1191.0,Monthly,Yes,Costly Data Plans,1,0.2317632241813602,14500.0,25-36,Yes
CUST0435,50,Ondo,Male,1,1,1,1000.0,1000,4.0,Very Good,34,177.53,177.53,3.2,3.2,2-Day,No,,0,55.478125,1000.0,25-36,No
CUST0436,31,Kebbi,Female,2,1,21,4750.0,180500,3.0,Good,38,156.505,313.01,13.0,501.0,Daily,Yes,Poor Network,1,0.6247704590818363,8595.238095238095,37+,Yes
CUST0437,57,Borno,Male,1,1,13,24000.0,312000,3.0,Good,56,190.4,190.4,120.0,1560.0,Monthly,No,,0,0.122051282051282,24000.0,37+,No
CUST0438,67,Edo,Male,1,1,5,7500.0,37500,1.0,Poor,16,57.34,57.34,20.0,100.0,Monthly,Yes,Poor Customer Service,1,0.5734,7500.0,13-24,No
CUST0439,54,Yobe,Female,1,1,13,14500.0,188500,5.0,Excellent,48,98.18,98.18,60.0,780.0,Monthly,Yes,High Call Tarriffs,1,0.1258717948717948,14500.0,37+,No
CUST0440,50,Kwara,Male,2,1,20,10450.0,113500,3.0,Good,49,116.305,232.61,76.25,787.5,2-Day,No,,0,0.2953777777777777,5675.0,37+,Yes
CUST0441,26,Cross River,Female,1,1,10,14500.0,145000,4.0,Very Good,28,104.86,104.86,60.0,600.0,Monthly,No,,0,0.1747666666666666,14500.0,25-36,No
CUST0442,25,Rivers,Male,3,1,29,12200.0,267800,4.0,Very Good,33,153.14,459.42,72.16666666666667,1144.5,Monthly,Yes,High Call Tarriffs,1,0.4014154652686762,9234.48275862069,25-36,Yes
CUST0443,26,Kogi,Female,2,1,24,22250.0,410000,4.0,Very Good,21,105.905,211.81,180.0,2400.0,Monthly,No,,0,0.0882541666666666,17083.333333333332,13-24,Yes
CUST0444,18,Lagos,Female,1,1,20,6500.0,130000,2.0,Fair,8,60.91,60.91,16.5,330.0,Monthly,No,,0,0.1845757575757575,6500.0,7-12,No
CUST0445,66,Abia,Male,1,1,5,16000.0,80000,1.0,Poor,9,42.24,42.24,65.0,325.0,Monthly,Yes,Better Offers from Competitors,1,0.1299692307692307,16000.0,7-12,No
CUST0446,71,Adamawa,Male,1,1,15,20000.0,300000,4.0,Very Good,6,180.53,180.53,150.0,2250.0,Monthly,Yes,Fast Data Consumption,1,0.0802355555555555,20000.0,0-6,No
CUST0447,76,Kano,Female,2,1,33,22000.0,791000,2.0,Fair,38,95.39,190.78,97.5,3555.0,Monthly,Yes,Better Offers from Competitors,1,0.0536652601969057,23969.696969696968,37+,Yes
CUST0448,20,Yobe,Female,3,1,48,28000.0,1386000,2.0,Fair,32,42.31333333333333,126.94,161.66666666666666,7780.0,Monthly,No,,0,0.0163161953727506,28875.0,25-36,Yes
CUST0449,36,Cross River,Male,3,1,31,24166.666666666668,690000,4.0,Very Good,31,167.81333333333333,503.44,161.66666666666666,5130.0,Monthly,Yes,Poor Customer Service,1,0.0981364522417154,22258.064516129038,25-36,Yes
CUST0450,52,Katsina,Female,1,1,7,5500.0,38500,2.0,Fair,9,61.08,61.08,12.5,87.5,Monthly,Yes,Fast Data Consumption,1,0.6980571428571428,5500.0,7-12,No
CUST0451,18,Ekiti,Female,2,1,24,5000.0,116000,2.0,Fair,23,67.93,135.86,11.25,260.0,Monthly,No,,0,0.5225384615384616,4833.333333333333,13-24,Yes
CUST0452,59,Ekiti,Male,3,1,26,11833.333333333334,460000,2.0,Fair,50,160.38333333333333,481.15,71.06666666666666,3246.4,Monthly,No,,0,0.1482103252833908,17692.30769230769,37+,Yes
CUST0453,29,Abuja (FCT),Male,3,1,30,10166.666666666666,175000,3.0,Good,56,94.43333333333332,283.29999999999995,71.06666666666666,978.4,Monthly,Yes,Costly Data Plans,1,0.2895543744889615,5833.333333333333,37+,Yes
CUST0454,47,Taraba,Female,2,1,22,11000.0,284000,1.0,Poor,19,94.15,188.3,40.0,1120.0,Monthly,Yes,High Call Tarriffs,1,0.168125,12909.09090909091,13-24,Yes
CUST0455,68,Kogi,Female,1,1,13,9000.0,117000,1.0,Poor,55,67.99,67.99,30.0,390.0,Monthly,No,,0,0.1743333333333333,9000.0,37+,No
CUST0456,71,Oyo,Female,1,1,18,75000.0,1350000,2.0,Fair,49,80.7,80.7,450.0,8100.0,3-Month,No,,0,0.0099629629629629,75000.0,37+,No
CUST0457,56,Ekiti,Male,1,1,18,5500.0,99000,5.0,Excellent,53,128.95,128.95,12.5,225.0,Monthly,No,,0,0.573111111111111,5500.0,37+,No
CUST0458,60,Kebbi,Male,2,1,23,16500.0,297000,1.0,Poor,57,73.825,147.65,72.5,1145.0,Monthly,Yes,Costly Data Plans,1,0.1289519650655022,12913.04347826087,37+,Yes
CUST0460,49,Zamfara,Female,3,1,46,18166.666666666668,935000,1.0,Poor,8,124.85666666666668,374.57,153.33333333333334,8050.0,Monthly,No,,0,0.0465304347826086,20326.08695652174,7-12,Yes
CUST0461,29,Niger,Male,2,1,8,7750.0,48500,4.0,Very Good,53,28.130000000000003,56.260000000000005,31.6,196.0,2-Day,Yes,High Call Tarriffs,1,0.2870408163265306,6062.5,37+,Yes
CUST0462,67,Bauchi,Female,2,1,19,17750.0,227000,5.0,Excellent,56,87.89,175.78,156.25,1675.0,Monthly,No,,0,0.1049432835820895,11947.368421052632,37+,Yes
CUST0463,74,Borno,Male,3,1,38,12166.666666666666,606500,4.0,Very Good,45,51.22333333333333,153.67,72.0,3765.0,Monthly,No,,0,0.0408154050464807,15960.526315789471,37+,Yes
CUST0464,63,Abia,Female,1,1,10,900.0,9000,4.0,Very Good,20,187.4,187.4,2.5,25.0,2-Day,Yes,Poor Customer Service,1,7.496,900.0,13-24,No
CUST0465,43,Enugu,Female,1,1,19,5500.0,104500,5.0,Excellent,1,114.83,114.83,12.5,237.5,Monthly,No,,0,0.4834947368421052,5500.0,0-6,No
CUST0466,59,Jigawa,Female,2,1,31,12750.0,460500,2.0,Fair,54,95.14,190.28,81.25,3137.5,Monthly,No,,0,0.0606470119521912,14854.83870967742,37+,Yes
CUST0467,65,Osun,Female,3,1,48,16833.333333333332,757000,4.0,Very Good,22,98.10333333333334,294.31,95.5,4497.0,Monthly,No,,0,0.0654458527907494,15770.833333333334,13-24,Yes
CUST0468,22,Bauchi,Male,1,1,7,16000.0,112000,5.0,Excellent,49,55.36,55.36,65.0,455.0,Monthly,No,,0,0.1216703296703296,16000.0,37+,No
CUST0469,72,Katsina,Female,1,1,1,75000.0,75000,4.0,Very Good,26,36.51,36.51,450.0,450.0,3-Month,No,,0,0.0811333333333333,75000.0,25-36,No
CUST0470,56,Jigawa,Female,2,1,11,19500.0,225000,1.0,Poor,6,172.12,344.24,162.5,1925.0,Monthly,No,,0,0.178825974025974,20454.545454545456,0-6,Yes
CUST0471,57,Enugu,Male,2,1,24,4950.0,54000,3.0,Good,46,46.435,92.87,13.75,150.0,2-Day,No,,0,0.6191333333333333,2250.0,37+,Yes
CUST0472,79,Zamfara,Female,3,1,45,8633.333333333334,466200,1.0,Poor,8,61.88,185.64,32.5,1760.0,Monthly,No,,0,0.1054772727272727,10360.0,7-12,Yes
CUST0473,54,Kogi,Female,1,1,18,35000.0,630000,2.0,Fair,6,192.29,192.29,165.0,2970.0,Monthly,No,,0,0.0647441077441077,35000.0,0-6,No
CUST0474,21,Lagos,Female,2,1,13,40750.0,564000,2.0,Fair,54,128.235,256.47,233.25,3249.0,3-Month,Yes,Fast Data Consumption,1,0.0789381348107109,43384.61538461538,37+,Yes
CUST0475,24,Abia,Male,2,1,26,18250.0,521500,2.0,Fair,26,159.36,318.72,158.25,4681.5,Monthly,No,,0,0.0680807433514899,20057.69230769231,25-36,Yes
CUST0476,47,Niger,Female,3,1,20,26500.0,558500,5.0,Excellent,14,64.04666666666667,192.14,175.0,5145.0,Monthly,No,,0,0.0373449951409135,27925.0,13-24,Yes
CUST0478,75,Gombe,Male,2,1,26,20000.0,520000,2.0,Fair,29,105.29,210.58,150.0,3900.0,Monthly,No,,0,0.0539948717948717,20000.0,25-36,Yes
CUST0479,20,Akwa Ibom,Female,3,1,42,10333.333333333334,519500,1.0,Poor,58,81.58,244.74,58.833333333333336,3197.0,Monthly,Yes,Better Offers from Competitors,1,0.0765530184548013,12369.047619047618,37+,Yes
CUST0480,32,Edo,Male,1,1,14,150000.0,2100000,2.0,Fair,57,0.89,0.89,1536.0,21504.0,Yearly,No,,0,4.138764880952381e-05,150000.0,37+,No
CUST0481,57,Kwara,Female,2,1,27,85000.0,2230000,5.0,Excellent,18,36.73,73.46000000000001,843.0,22068.0,Monthly,No,,0,0.0033288018850824,82592.5925925926,13-24,Yes
CUST0482,58,Katsina,Male,1,1,3,4500.0,13500,4.0,Very Good,48,66.18,66.18,10.0,30.0,Monthly,No,,0,2.2060000000000004,4500.0,37+,No
CUST0484,76,Imo,Female,1,1,4,24000.0,96000,3.0,Good,54,124.1,124.1,120.0,480.0,Monthly,No,,0,0.2585416666666666,24000.0,37+,No
CUST0485,31,Katsina,Male,3,1,35,10333.333333333334,422000,4.0,Very Good,59,28.133333333333336,84.4,36.66666666666666,1630.0,Monthly,No,,0,0.0517791411042944,12057.142857142857,37+,Yes
CUST0486,28,Kogi,Male,2,1,12,6750.0,103500,4.0,Very Good,56,56.57,113.14,20.0,340.0,Monthly,No,,0,0.3327647058823529,8625.0,37+,Yes
CUST0487,40,Borno,Female,2,1,16,12250.0,289000,4.0,Very Good,23,111.095,222.19,80.0,2120.0,Monthly,No,,0,0.1048066037735849,18062.5,13-24,Yes
CUST0488,61,Abia,Male,2,1,31,27000.0,846000,3.0,Good,10,91.87,183.74,210.0,6780.0,Monthly,No,,0,0.0271002949852507,27290.322580645163,7-12,Yes
CUST0489,41,Benue,Male,3,1,30,14833.333333333334,440000,3.0,Good,51,85.24,255.72,90.66666666666669,3163.0,Monthly,Yes,Fast Data Consumption,1,0.08084729687006,14666.666666666666,37+,Yes
CUST0490,45,Sokoto,Male,2,1,13,4000.0,46500,3.0,Good,16,83.885,167.77,8.5,94.0,Monthly,No,,0,1.7847872340425532,3576.923076923077,13-24,Yes
CUST0491,30,Plateau,Female,2,1,12,10175.0,122100,5.0,Excellent,29,108.55,217.1,75.244140625,902.9296875,Daily,No,,0,0.2404395414233182,10175.0,25-36,Yes
CUST0492,47,Enugu,Male,1,1,4,35000.0,140000,3.0,Good,2,131.15,131.15,165.0,660.0,Monthly,No,,0,0.1987121212121212,35000.0,0-6,No
CUST0493,42,Abia,Female,3,1,32,15166.666666666666,613500,3.0,Good,16,43.99333333333334,131.98000000000002,121.06666666666666,4996.0,Monthly,No,,0,0.0264171337069655,19171.875,13-24,Yes
CUST0494,21,Benue,Female,2,1,23,92500.0,3105000,3.0,Good,51,100.27,200.54,850.5,31215.0,Monthly,Yes,High Call Tarriffs,1,0.0064244754124619,135000.0,37+,Yes
CUST0495,37,Zamfara,Female,1,1,16,25000.0,400000,4.0,Very Good,49,105.33,105.33,200.0,3200.0,Monthly,No,,0,0.032915625,25000.0,37+,No
CUST0496,76,Akwa Ibom,Female,2,1,25,2550.0,65700,2.0,Fair,41,124.34,248.68,5.75,148.0,2-Day,Yes,Poor Customer Service,1,1.6802702702702703,2628.0,37+,Yes
CUST0497,26,Borno,Male,3,1,31,24833.33333333333,788000,5.0,Excellent,19,73.09666666666666,219.29,141.66666666666666,3680.0,Monthly,No,,0,0.0595896739130434,25419.35483870968,13-24,Yes
CUST0498,72,Osun,Female,2,1,10,14500.0,123000,3.0,Good,42,14.135,28.27,87.5,625.0,Monthly,No,,0,0.045232,12300.0,37+,Yes
CUST0499,41,Bayelsa,Female,1,1,10,9000.0,90000,2.0,Fair,20,154.13,154.13,30.0,300.0,Monthly,No,,0,0.5137666666666667,9000.0,13-24,No
CUST0500,67,Kebbi,Male,3,1,40,19500.0,843500,4.0,Very Good,31,129.72333333333333,389.17,107.33333333333331,4652.0,Monthly,Yes,High Call Tarriffs,1,0.0836564918314703,21087.5,25-36,Yes
